order_date,product_name,location,total_sales_amount,qty,user_id
2023-01-01 00:00:00,Headphones,Berlin,879.04,8,4644
2023-01-01 01:00:00,Monitor,Berlin,567.61,4,5970
2023-01-01 02:00:00,Tablet Z,Berlin,3200.33,1,9003
2023-01-01 03:00:00,Monitor,Berlin,3547.05,7,4278
2023-01-01 04:00:00,Monitor,Berlin,206.35,5,8296
2023-01-01 05:00:00,Phone Y,New York,4684.25,5,4074
2023-01-01 06:00:00,Tablet Z,Berlin,307.26,1,9312
2023-01-01 07:00:00,Tablet Z,New York,2729.42,6,8552
2023-01-01 08:00:00,Tablet Z,Berlin,3559.85,9,2637
2023-01-01 09:00:00,Monitor,Tokyo,4361.3,9,6103
2023-01-01 10:00:00,Headphones,London,3584.73,8,1644
2023-01-01 11:00:00,Tablet Z,New York,4018.55,5,3032
2023-01-01 12:00:00,Monitor,Berlin,1730.28,1,3761
2023-01-01 13:00:00,Phone Y,Tokyo,4083.38,9,3068
2023-01-01 14:00:00,Headphones,London,446.57,1,1241
2023-01-01 15:00:00,Phone Y,New York,4479.34,8,3668
2023-01-01 16:00:00,Headphones,London,2760.58,5,1802
2023-01-01 17:00:00,Monitor,Tokyo,4095.62,3,6059
2023-01-01 18:00:00,Laptop X,New York,2288.98,7,1195
2023-01-01 19:00:00,Headphones,London,3235.71,7,3187
2023-01-01 20:00:00,Phone Y,Berlin,2655.69,9,3330
2023-01-01 21:00:00,Monitor,New York,3671.37,7,5841
2023-01-01 22:00:00,Headphones,London,454.07,3,4606
2023-01-01 23:00:00,Laptop X,Tokyo,348.74,1,9468
2023-01-02 00:00:00,Laptop X,Tokyo,1273.16,8,1060
2023-01-02 01:00:00,Tablet Z,New York,839.75,3,4927
2023-01-02 02:00:00,Tablet Z,London,4365.33,8,7296
2023-01-02 03:00:00,Phone Y,New York,1135.11,8,3591
2023-01-02 04:00:00,Headphones,New York,4880.53,5,9758
2023-01-02 05:00:00,Headphones,London,1717.63,1,7121
2023-01-02 06:00:00,Tablet Z,London,951.48,7,2200
2023-01-02 07:00:00,Headphones,Berlin,3959.01,5,3854
2023-01-02 08:00:00,Headphones,London,3310.6,8,8024
2023-01-02 09:00:00,Laptop X,Tokyo,2516.07,9,7972
2023-01-02 10:00:00,Tablet Z,New York,2799.05,7,1136
2023-01-02 11:00:00,Monitor,New York,3610.05,7,2029
2023-01-02 12:00:00,Tablet Z,Tokyo,1180.85,1,3594
2023-01-02 13:00:00,Monitor,London,4981.85,4,8206
2023-01-02 14:00:00,Laptop X,Tokyo,4875.23,2,1661
2023-01-02 15:00:00,Phone Y,Tokyo,3269.11,2,3472
2023-01-02 16:00:00,Headphones,Berlin,1037.74,2,1086
2023-01-02 17:00:00,Laptop X,Tokyo,3417.13,4,7219
2023-01-02 18:00:00,Headphones,New York,407.38,1,9143
2023-01-02 19:00:00,Phone Y,Tokyo,201.73,4,7968
2023-01-02 20:00:00,Phone Y,New York,1325.53,2,3773
2023-01-02 21:00:00,Laptop X,New York,2339.98,5,2700
2023-01-02 22:00:00,Phone Y,New York,4347.95,3,3700
2023-01-02 23:00:00,Monitor,London,3649.49,8,7815
2023-01-03 00:00:00,Phone Y,Berlin,3726.4,4,2647
2023-01-03 01:00:00,Headphones,New York,2156.19,1,7038
2023-01-03 02:00:00,Headphones,New York,1762.38,1,6164
2023-01-03 03:00:00,Headphones,London,1886.64,3,6520
2023-01-03 04:00:00,Headphones,New York,4938.87,9,4687
2023-01-03 05:00:00,Monitor,Tokyo,248.54,7,1596
2023-01-03 06:00:00,Tablet Z,Tokyo,4341.81,2,5545
2023-01-03 07:00:00,Laptop X,Berlin,2914.44,9,9676
2023-01-03 08:00:00,Headphones,New York,2221.15,2,9837
2023-01-03 09:00:00,Phone Y,London,3640.03,3,5757
2023-01-03 10:00:00,Headphones,Tokyo,2459.01,2,5384
2023-01-03 11:00:00,Phone Y,London,4373.45,3,9912
2023-01-03 12:00:00,Phone Y,London,4508.47,6,5733
2023-01-03 13:00:00,Headphones,Tokyo,2137.52,9,8081
2023-01-03 14:00:00,Monitor,London,1420.3,9,9690
2023-01-03 15:00:00,Phone Y,Tokyo,2982.13,7,8117
2023-01-03 16:00:00,Phone Y,London,4566.2,3,5729
2023-01-03 17:00:00,Headphones,Tokyo,1092.78,4,2673
2023-01-03 18:00:00,Phone Y,New York,3133.68,6,9306
2023-01-03 19:00:00,Phone Y,Berlin,3176.22,5,8178
2023-01-03 20:00:00,Headphones,Tokyo,3678.91,2,3294
2023-01-03 21:00:00,Headphones,Tokyo,701.26,6,4630
2023-01-03 22:00:00,Laptop X,Berlin,3593.33,3,1146
2023-01-03 23:00:00,Monitor,Tokyo,4549.71,8,4453
2023-01-04 00:00:00,Monitor,Tokyo,939.43,2,5507
2023-01-04 01:00:00,Phone Y,London,1225.84,1,6783
2023-01-04 02:00:00,Monitor,Berlin,4858.41,9,8751
2023-01-04 03:00:00,Phone Y,New York,945.84,3,6628
2023-01-04 04:00:00,Laptop X,Tokyo,4279.21,1,9328
2023-01-04 05:00:00,Headphones,Berlin,2486.78,7,4360
2023-01-04 06:00:00,Headphones,London,1273.79,5,4005
2023-01-04 07:00:00,Headphones,New York,4360.21,5,4552
2023-01-04 08:00:00,Monitor,Berlin,2254.26,1,1018
2023-01-04 09:00:00,Laptop X,New York,2598.35,9,3242
2023-01-04 10:00:00,Monitor,New York,1828.21,7,7318
2023-01-04 11:00:00,Monitor,New York,2985.11,8,6097
2023-01-04 12:00:00,Laptop X,Tokyo,859.44,9,9640
2023-01-04 13:00:00,Laptop X,Tokyo,1985.85,6,2948
2023-01-04 14:00:00,Laptop X,London,4848.59,5,6618
2023-01-04 15:00:00,Laptop X,London,1327.76,6,5236
2023-01-04 16:00:00,Headphones,Berlin,3300.85,2,7901
2023-01-04 17:00:00,Tablet Z,London,1659.69,4,2920
2023-01-04 18:00:00,Tablet Z,New York,3878.69,3,5188
2023-01-04 19:00:00,Laptop X,New York,697.82,7,1238
2023-01-04 20:00:00,Tablet Z,Tokyo,4850.61,9,1204
2023-01-04 21:00:00,Tablet Z,New York,2296.26,5,6552
2023-01-04 22:00:00,Laptop X,Berlin,1218.45,6,5927
2023-01-04 23:00:00,Tablet Z,New York,413.81,2,5390
2023-01-05 00:00:00,Monitor,New York,890.3,3,3687
2023-01-05 01:00:00,Phone Y,Berlin,2622.88,3,5951
2023-01-05 02:00:00,Phone Y,London,1718.17,9,7160
2023-01-05 03:00:00,Laptop X,London,4152.97,7,6388
2023-01-05 04:00:00,Headphones,Berlin,2182.89,8,6126
2023-01-05 05:00:00,Laptop X,Tokyo,1281.14,9,1816
2023-01-05 06:00:00,Headphones,New York,3104.87,6,1192
2023-01-05 07:00:00,Phone Y,Berlin,3548.55,4,2776
2023-01-05 08:00:00,Laptop X,New York,876.86,1,4645
2023-01-05 09:00:00,Monitor,Tokyo,879.72,8,7314
2023-01-05 10:00:00,Tablet Z,New York,231.52,7,9442
2023-01-05 11:00:00,Headphones,Berlin,3695.19,2,2788
2023-01-05 12:00:00,Tablet Z,New York,3335.83,8,8374
2023-01-05 13:00:00,Tablet Z,London,2399.42,5,4700
2023-01-05 14:00:00,Laptop X,Tokyo,4228.64,7,4893
2023-01-05 15:00:00,Tablet Z,Tokyo,4038.07,4,7811
2023-01-05 16:00:00,Monitor,Tokyo,2947.5,5,3679
2023-01-05 17:00:00,Tablet Z,Berlin,4347.94,8,4904
2023-01-05 18:00:00,Laptop X,Tokyo,1068.91,1,8260
2023-01-05 19:00:00,Monitor,London,604.0,1,1504
2023-01-05 20:00:00,Phone Y,Berlin,1385.26,4,7773
2023-01-05 21:00:00,Tablet Z,London,332.58,3,4816
2023-01-05 22:00:00,Laptop X,New York,2679.29,2,1717
2023-01-05 23:00:00,Phone Y,New York,4686.2,3,5434
2023-01-06 00:00:00,Phone Y,New York,244.75,1,1658
2023-01-06 01:00:00,Headphones,New York,654.44,1,6057
2023-01-06 02:00:00,Monitor,London,2288.39,6,5008
2023-01-06 03:00:00,Tablet Z,Berlin,4672.68,5,5994
2023-01-06 04:00:00,Laptop X,Berlin,1614.97,8,5234
2023-01-06 05:00:00,Headphones,Tokyo,2560.81,2,4764
2023-01-06 06:00:00,Monitor,London,255.79,4,5637
2023-01-06 07:00:00,Headphones,New York,784.3,8,3104
2023-01-06 08:00:00,Monitor,London,4933.82,6,7801
2023-01-06 09:00:00,Monitor,Tokyo,4827.34,1,9575
2023-01-06 10:00:00,Tablet Z,Tokyo,74.45,4,3607
2023-01-06 11:00:00,Monitor,London,4761.47,1,9385
2023-01-06 12:00:00,Headphones,London,3213.64,2,4719
2023-01-06 13:00:00,Monitor,London,4346.2,5,3581
2023-01-06 14:00:00,Tablet Z,Berlin,2300.96,8,3565
2023-01-06 15:00:00,Tablet Z,New York,2602.2,8,3763
2023-01-06 16:00:00,Headphones,London,2469.79,3,7328
2023-01-06 17:00:00,Phone Y,London,3350.98,4,6991
2023-01-06 18:00:00,Phone Y,London,741.27,6,4406
2023-01-06 19:00:00,Monitor,Tokyo,198.37,3,9923
2023-01-06 20:00:00,Laptop X,Tokyo,1574.25,2,5780
2023-01-06 21:00:00,Monitor,Berlin,3538.17,6,5177
2023-01-06 22:00:00,Headphones,New York,1049.17,5,7476
2023-01-06 23:00:00,Headphones,Berlin,3383.49,5,3604
2023-01-07 00:00:00,Headphones,New York,4851.06,5,9181
2023-01-07 01:00:00,Headphones,Tokyo,514.81,5,3382
2023-01-07 02:00:00,Headphones,Tokyo,3379.38,3,1531
2023-01-07 03:00:00,Tablet Z,Tokyo,2246.56,7,7079
2023-01-07 04:00:00,Phone Y,Berlin,4347.3,6,1634
2023-01-07 05:00:00,Headphones,London,926.89,4,1002
2023-01-07 06:00:00,Laptop X,London,3478.5,2,9397
2023-01-07 07:00:00,Laptop X,Tokyo,4198.67,9,6951
2023-01-07 08:00:00,Laptop X,London,4725.84,1,6626
2023-01-07 09:00:00,Laptop X,London,3432.08,4,8739
2023-01-07 10:00:00,Tablet Z,Berlin,2511.02,1,7003
2023-01-07 11:00:00,Laptop X,New York,3108.34,6,3890
2023-01-07 12:00:00,Headphones,Tokyo,4351.08,4,7239
2023-01-07 13:00:00,Monitor,Tokyo,2874.52,5,9026
2023-01-07 14:00:00,Laptop X,Berlin,200.42,5,4306
2023-01-07 15:00:00,Tablet Z,Berlin,4658.2,9,1897
2023-01-07 16:00:00,Tablet Z,London,3463.16,1,1670
2023-01-07 17:00:00,Laptop X,Tokyo,3398.74,2,8291
2023-01-07 18:00:00,Monitor,New York,1117.59,6,2505
2023-01-07 19:00:00,Laptop X,Berlin,3311.48,5,7460
2023-01-07 20:00:00,Tablet Z,New York,1999.63,7,6167
2023-01-07 21:00:00,Phone Y,New York,3273.6,3,6255
2023-01-07 22:00:00,Headphones,Tokyo,577.64,3,1249
2023-01-07 23:00:00,Tablet Z,Tokyo,3306.33,2,7457
2023-01-08 00:00:00,Laptop X,Berlin,4997.1,3,2892
2023-01-08 01:00:00,Headphones,Tokyo,288.65,1,4439
2023-01-08 02:00:00,Laptop X,Tokyo,4887.01,5,3854
2023-01-08 03:00:00,Laptop X,Tokyo,2064.19,5,4792
2023-01-08 04:00:00,Phone Y,New York,4360.23,7,6330
2023-01-08 05:00:00,Headphones,Berlin,3922.81,4,8871
2023-01-08 06:00:00,Headphones,London,2856.73,3,9235
2023-01-08 07:00:00,Phone Y,New York,3705.32,1,4612
2023-01-08 08:00:00,Tablet Z,Tokyo,4398.65,8,3618
2023-01-08 09:00:00,Laptop X,New York,2050.49,3,5678
2023-01-08 10:00:00,Monitor,Tokyo,1668.81,2,4163
2023-01-08 11:00:00,Laptop X,Tokyo,3354.59,4,3942
2023-01-08 12:00:00,Laptop X,New York,4048.84,3,9411
2023-01-08 13:00:00,Tablet Z,Berlin,3823.31,1,2925
2023-01-08 14:00:00,Laptop X,Tokyo,3999.18,3,3972
2023-01-08 15:00:00,Phone Y,Berlin,2206.14,2,1990
2023-01-08 16:00:00,Phone Y,London,4098.28,8,2812
2023-01-08 17:00:00,Headphones,Tokyo,645.03,6,9995
2023-01-08 18:00:00,Monitor,Berlin,2745.22,9,1489
2023-01-08 19:00:00,Laptop X,Berlin,78.51,8,6876
2023-01-08 20:00:00,Laptop X,London,1656.7,3,4645
2023-01-08 21:00:00,Tablet Z,Berlin,1863.98,5,8081
2023-01-08 22:00:00,Phone Y,Berlin,2011.05,7,3891
2023-01-08 23:00:00,Monitor,London,3492.56,5,4516
2023-01-09 00:00:00,Headphones,Tokyo,1973.36,8,4340
2023-01-09 01:00:00,Phone Y,Berlin,2271.03,5,7410
2023-01-09 02:00:00,Headphones,Berlin,1225.84,1,1053
2023-01-09 03:00:00,Tablet Z,Berlin,1897.6,5,3575
2023-01-09 04:00:00,Tablet Z,New York,1174.98,4,1615
2023-01-09 05:00:00,Laptop X,London,412.32,6,6944
2023-01-09 06:00:00,Monitor,New York,3037.07,3,8404
2023-01-09 07:00:00,Headphones,London,3357.65,5,1954
2023-01-09 08:00:00,Phone Y,Tokyo,3116.48,2,2629
2023-01-09 09:00:00,Tablet Z,Tokyo,2344.3,6,7859
2023-01-09 10:00:00,Laptop X,Berlin,1929.94,6,9841
2023-01-09 11:00:00,Laptop X,London,4323.5,5,4278
2023-01-09 12:00:00,Headphones,Tokyo,2619.45,6,6455
2023-01-09 13:00:00,Tablet Z,London,2421.95,7,4801
2023-01-09 14:00:00,Monitor,Tokyo,176.93,5,3561
2023-01-09 15:00:00,Tablet Z,New York,1739.18,1,7539
2023-01-09 16:00:00,Headphones,Tokyo,1931.97,8,1370
2023-01-09 17:00:00,Headphones,New York,2024.17,4,1857
2023-01-09 18:00:00,Tablet Z,Tokyo,2921.85,9,5886
2023-01-09 19:00:00,Headphones,Berlin,2691.33,6,8485
2023-01-09 20:00:00,Tablet Z,New York,3059.13,1,1383
2023-01-09 21:00:00,Phone Y,Tokyo,3836.17,3,5334
2023-01-09 22:00:00,Tablet Z,Berlin,4074.28,3,5290
2023-01-09 23:00:00,Tablet Z,New York,3604.71,4,3725
2023-01-10 00:00:00,Headphones,Berlin,4779.84,6,7204
2023-01-10 01:00:00,Headphones,London,140.25,7,7111
2023-01-10 02:00:00,Laptop X,London,1019.1,4,5251
2023-01-10 03:00:00,Laptop X,New York,87.44,6,1922
2023-01-10 04:00:00,Phone Y,Tokyo,3255.0,1,3915
2023-01-10 05:00:00,Laptop X,New York,4495.25,8,8957
2023-01-10 06:00:00,Tablet Z,Berlin,1255.24,7,4046
2023-01-10 07:00:00,Headphones,Tokyo,4638.82,9,2230
2023-01-10 08:00:00,Laptop X,London,348.32,3,8647
2023-01-10 09:00:00,Laptop X,Tokyo,4675.46,2,5933
2023-01-10 10:00:00,Phone Y,London,1790.53,1,4940
2023-01-10 11:00:00,Phone Y,Tokyo,552.03,3,7483
2023-01-10 12:00:00,Tablet Z,Tokyo,2455.07,5,1203
2023-01-10 13:00:00,Headphones,Tokyo,1321.04,2,1160
2023-01-10 14:00:00,Phone Y,Berlin,1460.12,3,9960
2023-01-10 15:00:00,Laptop X,Berlin,1571.09,4,4748
2023-01-10 16:00:00,Headphones,New York,4024.98,7,7718
2023-01-10 17:00:00,Headphones,New York,2718.85,3,3581
2023-01-10 18:00:00,Laptop X,London,1590.97,9,2093
2023-01-10 19:00:00,Phone Y,Berlin,3071.15,8,5500
2023-01-10 20:00:00,Laptop X,London,3594.95,4,9799
2023-01-10 21:00:00,Headphones,New York,1399.49,1,6710
2023-01-10 22:00:00,Monitor,London,2097.07,1,3875
2023-01-10 23:00:00,Monitor,New York,653.34,1,4191
2023-01-11 00:00:00,Tablet Z,Berlin,946.69,1,2837
2023-01-11 01:00:00,Laptop X,Tokyo,3421.53,8,1689
2023-01-11 02:00:00,Laptop X,Berlin,948.12,3,4759
2023-01-11 03:00:00,Tablet Z,London,2649.56,6,3103
2023-01-11 04:00:00,Tablet Z,London,3559.78,3,1365
2023-01-11 05:00:00,Tablet Z,Berlin,579.04,5,9092
2023-01-11 06:00:00,Headphones,Berlin,2858.2,7,5172
2023-01-11 07:00:00,Laptop X,New York,1319.99,2,7033
2023-01-11 08:00:00,Headphones,London,4816.49,6,3378
2023-01-11 09:00:00,Tablet Z,London,2443.55,6,2205
2023-01-11 10:00:00,Laptop X,Berlin,4039.66,3,5988
2023-01-11 11:00:00,Headphones,Tokyo,2773.62,6,6669
2023-01-11 12:00:00,Headphones,London,264.89,5,3735
2023-01-11 13:00:00,Tablet Z,Tokyo,3184.1,2,9490
2023-01-11 14:00:00,Laptop X,Berlin,4759.45,9,1956
2023-01-11 15:00:00,Tablet Z,Berlin,3027.98,8,7623
2023-01-11 16:00:00,Laptop X,New York,4104.98,3,2474
2023-01-11 17:00:00,Monitor,London,4426.82,8,5460
2023-01-11 18:00:00,Phone Y,Tokyo,1178.99,9,8002
2023-01-11 19:00:00,Phone Y,New York,1099.62,3,7396
2023-01-11 20:00:00,Phone Y,London,3074.36,3,3828
2023-01-11 21:00:00,Tablet Z,New York,2084.59,2,3850
2023-01-11 22:00:00,Monitor,Berlin,4207.31,8,3964
2023-01-11 23:00:00,Laptop X,London,4505.11,1,5594
2023-01-12 00:00:00,Headphones,New York,1799.44,8,7644
2023-01-12 01:00:00,Laptop X,New York,1222.51,7,3850
2023-01-12 02:00:00,Headphones,Tokyo,3913.6,7,1165
2023-01-12 03:00:00,Laptop X,New York,1410.29,3,1919
2023-01-12 04:00:00,Monitor,London,4121.94,1,9305
2023-01-12 05:00:00,Headphones,London,2147.5,4,4504
2023-01-12 06:00:00,Tablet Z,Tokyo,3354.37,9,1991
2023-01-12 07:00:00,Laptop X,London,522.9,5,7047
2023-01-12 08:00:00,Laptop X,Berlin,3138.1,1,4839
2023-01-12 09:00:00,Headphones,London,2286.25,5,2258
2023-01-12 10:00:00,Tablet Z,London,2953.71,8,8609
2023-01-12 11:00:00,Tablet Z,New York,881.67,8,9706
2023-01-12 12:00:00,Monitor,New York,3697.53,5,5804
2023-01-12 13:00:00,Tablet Z,London,4320.85,9,1067
2023-01-12 14:00:00,Tablet Z,Tokyo,1122.86,1,6660
2023-01-12 15:00:00,Tablet Z,New York,523.79,4,5478
2023-01-12 16:00:00,Phone Y,Tokyo,167.01,3,9210
2023-01-12 17:00:00,Monitor,London,3227.76,2,4521
2023-01-12 18:00:00,Laptop X,London,3055.12,8,1572
2023-01-12 19:00:00,Headphones,Berlin,2756.15,7,8082
2023-01-12 20:00:00,Laptop X,New York,1198.14,9,8832
2023-01-12 21:00:00,Monitor,London,1984.98,2,6395
2023-01-12 22:00:00,Headphones,Berlin,2992.66,4,3258
2023-01-12 23:00:00,Monitor,New York,2509.0,6,7039
2023-01-13 00:00:00,Tablet Z,London,4939.54,3,1650
2023-01-13 01:00:00,Headphones,London,725.38,8,6741
2023-01-13 02:00:00,Tablet Z,New York,3490.97,3,7838
2023-01-13 03:00:00,Laptop X,New York,2051.38,2,3587
2023-01-13 04:00:00,Laptop X,New York,2169.59,3,8876
2023-01-13 05:00:00,Headphones,London,3602.11,6,4262
2023-01-13 06:00:00,Headphones,London,3477.56,2,2338
2023-01-13 07:00:00,Monitor,Berlin,4956.72,8,5996
2023-01-13 08:00:00,Monitor,Tokyo,685.55,1,6780
2023-01-13 09:00:00,Tablet Z,New York,565.34,7,3827
2023-01-13 10:00:00,Headphones,London,3635.48,2,6232
2023-01-13 11:00:00,Laptop X,London,2913.02,6,3217
2023-01-13 12:00:00,Monitor,New York,1407.1,2,4539
2023-01-13 13:00:00,Monitor,Tokyo,443.13,2,8845
2023-01-13 14:00:00,Laptop X,New York,474.01,8,5383
2023-01-13 15:00:00,Monitor,Tokyo,4476.24,2,3961
2023-01-13 16:00:00,Tablet Z,London,999.74,7,4226
2023-01-13 17:00:00,Headphones,Tokyo,1650.69,3,7837
2023-01-13 18:00:00,Laptop X,Berlin,1171.95,8,8031
2023-01-13 19:00:00,Headphones,London,1807.23,7,4716
2023-01-13 20:00:00,Monitor,Berlin,393.65,8,4414
2023-01-13 21:00:00,Monitor,New York,2619.35,7,2448
2023-01-13 22:00:00,Laptop X,New York,384.68,6,1570
2023-01-13 23:00:00,Tablet Z,New York,4011.76,7,3904
2023-01-14 00:00:00,Phone Y,Tokyo,1206.87,5,3505
2023-01-14 01:00:00,Laptop X,London,2723.06,7,1917
2023-01-14 02:00:00,Phone Y,New York,4406.39,1,7982
2023-01-14 03:00:00,Phone Y,New York,3271.84,1,8427
2023-01-14 04:00:00,Tablet Z,London,2688.14,9,7336
2023-01-14 05:00:00,Phone Y,New York,1655.45,5,2678
2023-01-14 06:00:00,Phone Y,Berlin,1698.36,5,1615
2023-01-14 07:00:00,Tablet Z,London,3363.96,3,8086
2023-01-14 08:00:00,Phone Y,London,4970.99,5,5749
2023-01-14 09:00:00,Phone Y,London,3326.1,3,4505
2023-01-14 10:00:00,Phone Y,Berlin,2811.03,9,5529
2023-01-14 11:00:00,Laptop X,London,3666.72,9,2135
2023-01-14 12:00:00,Laptop X,Berlin,2352.77,6,9566
2023-01-14 13:00:00,Laptop X,London,347.7,1,8226
2023-01-14 14:00:00,Tablet Z,Tokyo,2833.37,7,6162
2023-01-14 15:00:00,Monitor,New York,4790.25,7,1206
2023-01-14 16:00:00,Phone Y,Tokyo,917.75,4,5875
2023-01-14 17:00:00,Phone Y,New York,3465.52,8,2319
2023-01-14 18:00:00,Tablet Z,Berlin,1044.62,6,2141
2023-01-14 19:00:00,Phone Y,Tokyo,2702.35,4,5627
2023-01-14 20:00:00,Laptop X,London,528.55,4,8389
2023-01-14 21:00:00,Monitor,New York,2279.34,2,3690
2023-01-14 22:00:00,Headphones,New York,3793.01,2,8323
2023-01-14 23:00:00,Phone Y,Tokyo,1770.48,4,4255
2023-01-15 00:00:00,Laptop X,Berlin,3341.31,5,9281
2023-01-15 01:00:00,Headphones,Tokyo,3987.48,8,6213
2023-01-15 02:00:00,Monitor,Berlin,4639.53,6,5108
2023-01-15 03:00:00,Headphones,Berlin,1211.48,4,4020
2023-01-15 04:00:00,Laptop X,New York,2026.61,7,2857
2023-01-15 05:00:00,Headphones,Tokyo,804.46,8,9996
2023-01-15 06:00:00,Tablet Z,Tokyo,4962.79,2,3789
2023-01-15 07:00:00,Headphones,Berlin,4638.65,7,4875
2023-01-15 08:00:00,Phone Y,Tokyo,2722.79,2,8605
2023-01-15 09:00:00,Phone Y,London,4218.06,2,9135
2023-01-15 10:00:00,Tablet Z,London,2628.74,8,7055
2023-01-15 11:00:00,Laptop X,Tokyo,3136.75,2,4882
2023-01-15 12:00:00,Phone Y,Tokyo,491.17,9,8175
2023-01-15 13:00:00,Monitor,Berlin,3788.59,1,8129
2023-01-15 14:00:00,Phone Y,London,682.18,9,6021
2023-01-15 15:00:00,Phone Y,London,4139.03,1,5735
2023-01-15 16:00:00,Laptop X,New York,3921.04,2,3387
2023-01-15 17:00:00,Headphones,Berlin,3558.29,6,7582
2023-01-15 18:00:00,Phone Y,New York,228.99,6,6866
2023-01-15 19:00:00,Tablet Z,London,1550.49,1,3566
2023-01-15 20:00:00,Headphones,Berlin,1352.41,7,1975
2023-01-15 21:00:00,Monitor,Tokyo,1832.68,8,8212
2023-01-15 22:00:00,Laptop X,Berlin,483.83,2,2262
2023-01-15 23:00:00,Monitor,Tokyo,4687.94,8,6047
2023-01-16 00:00:00,Headphones,Tokyo,2791.32,9,8382
2023-01-16 01:00:00,Headphones,Berlin,1562.35,6,7231
2023-01-16 02:00:00,Headphones,Tokyo,2015.06,5,4327
2023-01-16 03:00:00,Monitor,New York,2263.65,9,6630
2023-01-16 04:00:00,Headphones,London,3022.94,9,3259
2023-01-16 05:00:00,Monitor,Tokyo,2602.61,1,2257
2023-01-16 06:00:00,Headphones,New York,4600.99,3,1464
2023-01-16 07:00:00,Tablet Z,Tokyo,2509.97,9,4294
2023-01-16 08:00:00,Headphones,London,4961.18,2,7774
2023-01-16 09:00:00,Monitor,New York,4264.55,4,8431
2023-01-16 10:00:00,Phone Y,London,1082.13,4,2230
2023-01-16 11:00:00,Headphones,London,4656.45,2,4805
2023-01-16 12:00:00,Phone Y,New York,626.01,3,7419
2023-01-16 13:00:00,Tablet Z,New York,4096.38,3,6750
2023-01-16 14:00:00,Laptop X,New York,1934.09,1,4856
2023-01-16 15:00:00,Tablet Z,Berlin,4395.97,6,4135
2023-01-16 16:00:00,Headphones,New York,4346.88,8,7953
2023-01-16 17:00:00,Phone Y,New York,4039.33,3,7034
2023-01-16 18:00:00,Phone Y,New York,3960.65,5,5589
2023-01-16 19:00:00,Monitor,New York,1558.16,1,2546
2023-01-16 20:00:00,Phone Y,Tokyo,450.55,7,7065
2023-01-16 21:00:00,Monitor,Berlin,2044.75,1,2094
2023-01-16 22:00:00,Laptop X,London,908.95,9,3411
2023-01-16 23:00:00,Headphones,New York,3490.01,8,3617
2023-01-17 00:00:00,Monitor,Tokyo,1763.19,7,9954
2023-01-17 01:00:00,Laptop X,Tokyo,4879.27,7,5145
2023-01-17 02:00:00,Phone Y,Tokyo,3222.81,5,3775
2023-01-17 03:00:00,Phone Y,London,4121.28,5,7628
2023-01-17 04:00:00,Laptop X,New York,706.0,5,4155
2023-01-17 05:00:00,Phone Y,Berlin,4316.97,1,4970
2023-01-17 06:00:00,Laptop X,Berlin,4617.65,8,8972
2023-01-17 07:00:00,Monitor,Tokyo,2460.96,1,9775
2023-01-17 08:00:00,Monitor,London,3050.95,4,6415
2023-01-17 09:00:00,Laptop X,London,3835.81,9,5331
2023-01-17 10:00:00,Monitor,London,915.45,9,2942
2023-01-17 11:00:00,Monitor,Berlin,2537.7,5,7026
2023-01-17 12:00:00,Monitor,Tokyo,2023.38,4,9301
2023-01-17 13:00:00,Tablet Z,New York,774.55,3,1191
2023-01-17 14:00:00,Headphones,Berlin,1869.3,3,1861
2023-01-17 15:00:00,Phone Y,Tokyo,387.45,5,7711
2023-01-17 16:00:00,Tablet Z,Tokyo,177.77,1,1649
2023-01-17 17:00:00,Monitor,New York,719.07,5,5134
2023-01-17 18:00:00,Laptop X,New York,4817.42,6,8587
2023-01-17 19:00:00,Monitor,New York,2770.17,7,9828
2023-01-17 20:00:00,Headphones,London,4830.82,9,2036
2023-01-17 21:00:00,Monitor,New York,2190.86,3,5131
2023-01-17 22:00:00,Laptop X,Tokyo,1593.49,2,3148
2023-01-17 23:00:00,Headphones,New York,2555.4,3,6457
2023-01-18 00:00:00,Monitor,Tokyo,2225.58,9,7079
2023-01-18 01:00:00,Headphones,Berlin,573.04,7,3430
2023-01-18 02:00:00,Phone Y,London,3222.09,9,2879
2023-01-18 03:00:00,Phone Y,Berlin,1119.39,2,8542
2023-01-18 04:00:00,Monitor,Berlin,3116.96,5,3011
2023-01-18 05:00:00,Headphones,Tokyo,3268.5,4,4373
2023-01-18 06:00:00,Laptop X,Berlin,802.52,2,8357
2023-01-18 07:00:00,Monitor,Tokyo,353.68,9,2289
2023-01-18 08:00:00,Phone Y,New York,3914.77,9,2447
2023-01-18 09:00:00,Phone Y,New York,2326.01,6,4199
2023-01-18 10:00:00,Monitor,Tokyo,337.91,6,7381
2023-01-18 11:00:00,Headphones,New York,4974.59,8,8522
2023-01-18 12:00:00,Phone Y,London,336.01,6,7059
2023-01-18 13:00:00,Headphones,Berlin,3490.42,1,4183
2023-01-18 14:00:00,Phone Y,London,4919.21,4,6462
2023-01-18 15:00:00,Phone Y,Berlin,1233.94,7,4216
2023-01-18 16:00:00,Tablet Z,New York,754.13,2,4136
2023-01-18 17:00:00,Phone Y,London,650.86,9,4318
2023-01-18 18:00:00,Laptop X,New York,1551.21,8,3782
2023-01-18 19:00:00,Monitor,Berlin,550.18,8,8657
2023-01-18 20:00:00,Monitor,Tokyo,3476.2,7,5920
2023-01-18 21:00:00,Headphones,Tokyo,358.34,4,7324
2023-01-18 22:00:00,Phone Y,London,2571.64,2,7327
2023-01-18 23:00:00,Laptop X,New York,4983.65,3,9417
2023-01-19 00:00:00,Headphones,New York,4079.15,6,1776
2023-01-19 01:00:00,Tablet Z,London,3095.34,5,6208
2023-01-19 02:00:00,Headphones,Tokyo,1565.96,8,1687
2023-01-19 03:00:00,Headphones,Berlin,3138.28,6,1529
2023-01-19 04:00:00,Phone Y,London,2658.86,6,6067
2023-01-19 05:00:00,Tablet Z,Berlin,2159.11,1,9080
2023-01-19 06:00:00,Headphones,Tokyo,697.02,4,6518
2023-01-19 07:00:00,Laptop X,New York,4438.69,5,3153
2023-01-19 08:00:00,Laptop X,Tokyo,2276.43,3,7094
2023-01-19 09:00:00,Monitor,London,1013.38,9,7974
2023-01-19 10:00:00,Tablet Z,New York,1870.41,1,5774
2023-01-19 11:00:00,Tablet Z,London,2099.94,6,8692
2023-01-19 12:00:00,Monitor,London,4146.31,6,4103
2023-01-19 13:00:00,Headphones,Tokyo,3681.39,5,3440
2023-01-19 14:00:00,Tablet Z,London,3858.06,5,5135
2023-01-19 15:00:00,Laptop X,Tokyo,104.6,5,8124
2023-01-19 16:00:00,Laptop X,New York,2109.96,6,6201
2023-01-19 17:00:00,Phone Y,Tokyo,2432.65,8,1844
2023-01-19 18:00:00,Tablet Z,New York,145.0,2,1446
2023-01-19 19:00:00,Headphones,Tokyo,1336.08,6,4915
2023-01-19 20:00:00,Monitor,Berlin,3813.43,1,4109
2023-01-19 21:00:00,Monitor,Berlin,728.69,4,2234
2023-01-19 22:00:00,Headphones,London,2699.79,3,7587
2023-01-19 23:00:00,Phone Y,Tokyo,1115.25,9,1226
2023-01-20 00:00:00,Monitor,Tokyo,110.0,3,5143
2023-01-20 01:00:00,Tablet Z,New York,1243.95,6,8185
2023-01-20 02:00:00,Phone Y,London,4880.58,1,6558
2023-01-20 03:00:00,Tablet Z,Tokyo,4017.61,6,1186
2023-01-20 04:00:00,Laptop X,London,4799.9,4,3535
2023-01-20 05:00:00,Phone Y,Berlin,2464.88,8,2932
2023-01-20 06:00:00,Monitor,Tokyo,593.19,9,3032
2023-01-20 07:00:00,Phone Y,Tokyo,2762.4,4,2252
2023-01-20 08:00:00,Phone Y,London,2299.17,6,6509
2023-01-20 09:00:00,Phone Y,Tokyo,4229.57,1,6074
2023-01-20 10:00:00,Phone Y,London,535.51,4,2881
2023-01-20 11:00:00,Tablet Z,Tokyo,2466.79,7,1269
2023-01-20 12:00:00,Laptop X,New York,792.74,1,2630
2023-01-20 13:00:00,Headphones,London,1657.15,8,5405
2023-01-20 14:00:00,Phone Y,Tokyo,3699.92,6,7139
2023-01-20 15:00:00,Monitor,Berlin,2406.29,5,2574
2023-01-20 16:00:00,Phone Y,Tokyo,1910.65,9,2695
2023-01-20 17:00:00,Monitor,Berlin,2002.66,2,4258
2023-01-20 18:00:00,Tablet Z,Berlin,2324.26,5,4262
2023-01-20 19:00:00,Monitor,New York,3935.83,6,2445
2023-01-20 20:00:00,Headphones,London,4465.82,7,7263
2023-01-20 21:00:00,Laptop X,Tokyo,4778.91,5,9411
2023-01-20 22:00:00,Monitor,New York,3945.17,9,1052
2023-01-20 23:00:00,Monitor,Tokyo,1611.26,1,6570
2023-01-21 00:00:00,Laptop X,Berlin,3456.27,7,8579
2023-01-21 01:00:00,Headphones,London,2216.14,7,2666
2023-01-21 02:00:00,Phone Y,Tokyo,1310.62,4,7901
2023-01-21 03:00:00,Monitor,Tokyo,4212.31,9,3785
2023-01-21 04:00:00,Laptop X,Berlin,240.21,5,1719
2023-01-21 05:00:00,Tablet Z,Tokyo,4513.72,4,9597
2023-01-21 06:00:00,Laptop X,Tokyo,2334.31,7,7855
2023-01-21 07:00:00,Tablet Z,Berlin,3204.15,4,3294
2023-01-21 08:00:00,Headphones,New York,3313.8,3,9263
2023-01-21 09:00:00,Phone Y,Berlin,4480.83,9,5482
2023-01-21 10:00:00,Laptop X,New York,3201.51,8,1698
2023-01-21 11:00:00,Monitor,London,3088.97,1,8243
2023-01-21 12:00:00,Headphones,New York,379.93,7,6918
2023-01-21 13:00:00,Laptop X,New York,2616.12,9,1348
2023-01-21 14:00:00,Monitor,London,793.34,8,6374
2023-01-21 15:00:00,Laptop X,New York,3700.3,8,8869
2023-01-21 16:00:00,Tablet Z,Berlin,2585.5,6,1307
2023-01-21 17:00:00,Laptop X,New York,3417.13,4,4416
2023-01-21 18:00:00,Laptop X,London,256.28,8,5820
2023-01-21 19:00:00,Laptop X,Berlin,469.72,3,4558
2023-01-21 20:00:00,Headphones,London,3595.8,9,5478
2023-01-21 21:00:00,Laptop X,London,406.82,2,7531
2023-01-21 22:00:00,Monitor,Tokyo,402.72,2,5620
2023-01-21 23:00:00,Tablet Z,Tokyo,109.94,7,3985
2023-01-22 00:00:00,Tablet Z,London,4784.68,4,9112
2023-01-22 01:00:00,Laptop X,London,3700.67,8,9467
2023-01-22 02:00:00,Headphones,London,1798.59,9,3547
2023-01-22 03:00:00,Headphones,Tokyo,1517.85,7,1336
2023-01-22 04:00:00,Monitor,Tokyo,1781.03,5,3979
2023-01-22 05:00:00,Laptop X,New York,3884.53,8,4968
2023-01-22 06:00:00,Tablet Z,New York,3323.78,4,1910
2023-01-22 07:00:00,Headphones,London,966.72,2,2996
2023-01-22 08:00:00,Laptop X,Berlin,911.84,6,4129
2023-01-22 09:00:00,Headphones,Berlin,537.06,9,6447
2023-01-22 10:00:00,Headphones,Tokyo,3318.5,1,7129
2023-01-22 11:00:00,Tablet Z,Tokyo,3833.64,7,6850
2023-01-22 12:00:00,Phone Y,Tokyo,1361.98,9,5204
2023-01-22 13:00:00,Monitor,London,153.68,9,8446
2023-01-22 14:00:00,Monitor,Berlin,456.75,3,9519
2023-01-22 15:00:00,Tablet Z,New York,4840.91,5,1314
2023-01-22 16:00:00,Headphones,London,1512.45,8,2134
2023-01-22 17:00:00,Laptop X,New York,3857.65,8,5876
2023-01-22 18:00:00,Headphones,New York,3142.08,4,9102
2023-01-22 19:00:00,Tablet Z,London,1940.6,1,9347
2023-01-22 20:00:00,Monitor,New York,1068.15,1,6592
2023-01-22 21:00:00,Headphones,Berlin,650.86,4,2724
2023-01-22 22:00:00,Monitor,New York,3094.31,6,4343
2023-01-22 23:00:00,Laptop X,Berlin,3884.44,8,1886
2023-01-23 00:00:00,Monitor,Berlin,3237.33,6,1721
2023-01-23 01:00:00,Monitor,Berlin,2675.0,9,8678
2023-01-23 02:00:00,Phone Y,Tokyo,257.66,9,4357
2023-01-23 03:00:00,Phone Y,New York,4844.02,2,1870
2023-01-23 04:00:00,Phone Y,London,4003.64,1,7751
2023-01-23 05:00:00,Monitor,London,1499.47,2,1497
2023-01-23 06:00:00,Tablet Z,New York,4900.85,5,2756
2023-01-23 07:00:00,Monitor,Tokyo,3029.31,4,2117
2023-01-23 08:00:00,Tablet Z,Tokyo,2932.99,4,3828
2023-01-23 09:00:00,Tablet Z,Berlin,3752.96,9,2647
2023-01-23 10:00:00,Phone Y,New York,4068.26,8,7992
2023-01-23 11:00:00,Headphones,New York,3299.57,6,7771
2023-01-23 12:00:00,Laptop X,London,684.07,1,1142
2023-01-23 13:00:00,Phone Y,New York,1724.42,2,3761
2023-01-23 14:00:00,Phone Y,Tokyo,4644.01,6,4435
2023-01-23 15:00:00,Headphones,New York,1161.85,2,7622
2023-01-23 16:00:00,Laptop X,London,1892.23,5,8069
2023-01-23 17:00:00,Monitor,Berlin,2188.78,5,5512
2023-01-23 18:00:00,Monitor,London,2225.05,6,2848
2023-01-23 19:00:00,Phone Y,London,3084.05,6,3696
2023-01-23 20:00:00,Laptop X,Berlin,4718.23,6,2717
2023-01-23 21:00:00,Phone Y,London,1241.43,2,4072
2023-01-23 22:00:00,Tablet Z,London,651.43,3,3786
2023-01-23 23:00:00,Phone Y,New York,1027.48,6,4791
2023-01-24 00:00:00,Phone Y,New York,4440.28,8,4871
2023-01-24 01:00:00,Monitor,Berlin,3246.76,1,2806
2023-01-24 02:00:00,Monitor,New York,1465.24,1,2504
2023-01-24 03:00:00,Monitor,New York,4088.94,2,4308
2023-01-24 04:00:00,Tablet Z,London,4313.78,6,8117
2023-01-24 05:00:00,Monitor,Tokyo,4240.25,9,6048
2023-01-24 06:00:00,Laptop X,New York,4598.69,4,9263
2023-01-24 07:00:00,Headphones,Tokyo,1298.59,3,2690
2023-01-24 08:00:00,Laptop X,New York,3787.46,8,4303
2023-01-24 09:00:00,Laptop X,New York,2329.67,9,4113
2023-01-24 10:00:00,Monitor,Berlin,4217.89,5,8850
2023-01-24 11:00:00,Headphones,Berlin,3656.03,9,7416
2023-01-24 12:00:00,Headphones,Berlin,3893.41,2,2504
2023-01-24 13:00:00,Headphones,Tokyo,3298.0,3,9924
2023-01-24 14:00:00,Tablet Z,London,928.27,7,4924
2023-01-24 15:00:00,Monitor,New York,2747.88,7,9615
2023-01-24 16:00:00,Headphones,New York,4924.12,6,5485
2023-01-24 17:00:00,Tablet Z,New York,4690.07,6,9100
2023-01-24 18:00:00,Phone Y,Tokyo,263.71,2,9684
2023-01-24 19:00:00,Phone Y,Berlin,865.83,6,1191
2023-01-24 20:00:00,Tablet Z,London,702.06,4,9690
2023-01-24 21:00:00,Tablet Z,Tokyo,3643.6,3,5917
2023-01-24 22:00:00,Monitor,Berlin,4098.04,2,6831
2023-01-24 23:00:00,Monitor,Tokyo,1106.88,1,5322
2023-01-25 00:00:00,Phone Y,London,2553.97,5,7999
2023-01-25 01:00:00,Headphones,Berlin,4211.48,2,8282
2023-01-25 02:00:00,Phone Y,Tokyo,3677.37,2,2874
2023-01-25 03:00:00,Headphones,London,2734.07,7,5763
2023-01-25 04:00:00,Headphones,New York,2972.22,8,9464
2023-01-25 05:00:00,Monitor,London,2566.38,8,2051
2023-01-25 06:00:00,Laptop X,New York,1522.86,4,8538
2023-01-25 07:00:00,Laptop X,Tokyo,2846.86,1,8411
2023-01-25 08:00:00,Tablet Z,Berlin,3459.98,7,7320
2023-01-25 09:00:00,Monitor,Berlin,4372.95,1,3105
2023-01-25 10:00:00,Headphones,Tokyo,3199.64,4,1307
2023-01-25 11:00:00,Laptop X,Berlin,3817.55,8,8737
2023-01-25 12:00:00,Headphones,Berlin,842.35,2,4359
2023-01-25 13:00:00,Laptop X,New York,2334.71,6,4176
2023-01-25 14:00:00,Laptop X,Tokyo,96.19,6,2251
2023-01-25 15:00:00,Laptop X,London,1271.06,9,6366
2023-01-25 16:00:00,Monitor,New York,3645.99,5,2517
2023-01-25 17:00:00,Phone Y,Tokyo,4959.46,4,7226
2023-01-25 18:00:00,Headphones,New York,540.93,5,6305
2023-01-25 19:00:00,Monitor,London,2037.4,5,6869
2023-01-25 20:00:00,Monitor,London,4010.35,8,9039
2023-01-25 21:00:00,Monitor,Tokyo,1059.98,8,5891
2023-01-25 22:00:00,Monitor,London,2797.67,2,5992
2023-01-25 23:00:00,Monitor,New York,3678.7,7,2961
2023-01-26 00:00:00,Tablet Z,London,3099.13,8,3863
2023-01-26 01:00:00,Headphones,New York,980.72,6,7603
2023-01-26 02:00:00,Monitor,New York,1809.15,5,5567
2023-01-26 03:00:00,Headphones,London,3929.77,9,7513
2023-01-26 04:00:00,Tablet Z,Tokyo,2793.42,3,5005
2023-01-26 05:00:00,Tablet Z,Berlin,75.89,4,1183
2023-01-26 06:00:00,Headphones,London,3816.9,9,8755
2023-01-26 07:00:00,Laptop X,New York,224.79,6,4358
2023-01-26 08:00:00,Phone Y,New York,3741.38,8,7615
2023-01-26 09:00:00,Laptop X,London,1052.28,7,7797
2023-01-26 10:00:00,Laptop X,Tokyo,4792.46,2,9728
2023-01-26 11:00:00,Laptop X,Tokyo,1871.31,3,8678
2023-01-26 12:00:00,Monitor,New York,1668.31,1,6698
2023-01-26 13:00:00,Tablet Z,New York,787.0,9,2273
2023-01-26 14:00:00,Laptop X,Tokyo,1562.74,7,7653
2023-01-26 15:00:00,Tablet Z,Berlin,4389.42,1,2096
2023-01-26 16:00:00,Headphones,London,4981.85,3,9002
2023-01-26 17:00:00,Phone Y,New York,1873.13,4,5247
2023-01-26 18:00:00,Headphones,New York,2270.62,4,6314
2023-01-26 19:00:00,Headphones,Tokyo,3624.25,5,4354
2023-01-26 20:00:00,Monitor,London,4436.67,3,1270
2023-01-26 21:00:00,Phone Y,Tokyo,2985.57,3,2186
2023-01-26 22:00:00,Headphones,London,1988.05,1,7305
2023-01-26 23:00:00,Headphones,London,2092.48,7,3398
2023-01-27 00:00:00,Phone Y,London,3493.31,1,7995
2023-01-27 01:00:00,Phone Y,New York,65.93,2,8299
2023-01-27 02:00:00,Headphones,Berlin,3116.97,4,5182
2023-01-27 03:00:00,Phone Y,Tokyo,1809.69,4,3230
2023-01-27 04:00:00,Headphones,Berlin,3981.28,5,7511
2023-01-27 05:00:00,Headphones,Tokyo,510.3,2,1128
2023-01-27 06:00:00,Monitor,London,2961.6,4,4672
2023-01-27 07:00:00,Laptop X,New York,2430.82,1,5765
2023-01-27 08:00:00,Headphones,Berlin,3229.51,2,4970
2023-01-27 09:00:00,Tablet Z,New York,371.03,1,8545
2023-01-27 10:00:00,Laptop X,Tokyo,2920.92,4,6552
2023-01-27 11:00:00,Laptop X,New York,2829.35,4,1627
2023-01-27 12:00:00,Laptop X,New York,2825.27,7,7589
2023-01-27 13:00:00,Monitor,Berlin,3037.26,9,3044
2023-01-27 14:00:00,Headphones,London,3398.52,9,3341
2023-01-27 15:00:00,Monitor,New York,4034.7,5,6884
2023-01-27 16:00:00,Headphones,London,1385.61,1,9185
2023-01-27 17:00:00,Monitor,Tokyo,4133.99,1,1249
2023-01-27 18:00:00,Monitor,New York,2516.37,6,3925
2023-01-27 19:00:00,Tablet Z,Berlin,431.44,2,6043
2023-01-27 20:00:00,Monitor,Tokyo,339.83,8,1974
2023-01-27 21:00:00,Phone Y,Tokyo,1704.48,9,8192
2023-01-27 22:00:00,Tablet Z,Berlin,3935.24,4,3672
2023-01-27 23:00:00,Monitor,New York,3553.02,5,8279
2023-01-28 00:00:00,Laptop X,New York,3953.64,8,8531
2023-01-28 01:00:00,Phone Y,Tokyo,2610.48,3,9662
2023-01-28 02:00:00,Phone Y,New York,2228.99,5,2987
2023-01-28 03:00:00,Phone Y,London,779.89,3,1090
2023-01-28 04:00:00,Tablet Z,Berlin,1674.55,3,9721
2023-01-28 05:00:00,Monitor,London,2198.4,3,5059
2023-01-28 06:00:00,Monitor,New York,488.57,7,3773
2023-01-28 07:00:00,Laptop X,Tokyo,1142.03,7,9383
2023-01-28 08:00:00,Laptop X,Berlin,3011.22,7,8409
2023-01-28 09:00:00,Phone Y,New York,3691.53,8,5440
2023-01-28 10:00:00,Laptop X,New York,4991.82,5,8347
2023-01-28 11:00:00,Tablet Z,Tokyo,4668.91,5,2008
2023-01-28 12:00:00,Monitor,Tokyo,3230.7,4,4783
2023-01-28 13:00:00,Phone Y,London,2135.18,7,7646
2023-01-28 14:00:00,Laptop X,Berlin,3199.08,4,5298
2023-01-28 15:00:00,Tablet Z,Berlin,3938.98,2,5668
2023-01-28 16:00:00,Tablet Z,Tokyo,635.76,4,5287
2023-01-28 17:00:00,Laptop X,London,2079.03,8,3052
2023-01-28 18:00:00,Monitor,Berlin,4207.02,9,7009
2023-01-28 19:00:00,Laptop X,Tokyo,1949.97,3,2716
2023-01-28 20:00:00,Phone Y,New York,2880.77,7,1310
2023-01-28 21:00:00,Laptop X,Berlin,2959.46,9,5538
2023-01-28 22:00:00,Tablet Z,London,963.16,4,2260
2023-01-28 23:00:00,Laptop X,London,1843.07,3,4932
2023-01-29 00:00:00,Monitor,London,1705.83,5,1584
2023-01-29 01:00:00,Headphones,New York,179.67,1,8616
2023-01-29 02:00:00,Laptop X,Berlin,169.75,3,9551
2023-01-29 03:00:00,Monitor,Berlin,4166.9,8,3866
2023-01-29 04:00:00,Monitor,New York,1401.7,8,6898
2023-01-29 05:00:00,Tablet Z,Berlin,2614.49,4,3011
2023-01-29 06:00:00,Monitor,New York,1528.69,2,7251
2023-01-29 07:00:00,Monitor,New York,4706.36,8,5939
2023-01-29 08:00:00,Monitor,New York,1333.52,8,5006
2023-01-29 09:00:00,Monitor,London,2176.8,4,2625
2023-01-29 10:00:00,Phone Y,Berlin,4370.01,3,1890
2023-01-29 11:00:00,Phone Y,New York,4217.57,2,7078
2023-01-29 12:00:00,Tablet Z,Berlin,971.2,9,8036
2023-01-29 13:00:00,Laptop X,London,4023.08,1,9923
2023-01-29 14:00:00,Monitor,New York,2318.03,7,4961
2023-01-29 15:00:00,Laptop X,Tokyo,2440.7,5,3504
2023-01-29 16:00:00,Laptop X,London,710.73,8,9806
2023-01-29 17:00:00,Tablet Z,Tokyo,448.98,4,4806
2023-01-29 18:00:00,Monitor,Berlin,3653.3,7,7100
2023-01-29 19:00:00,Monitor,Berlin,2507.48,5,2719
2023-01-29 20:00:00,Headphones,London,2212.41,5,7686
2023-01-29 21:00:00,Laptop X,Berlin,3661.07,9,2587
2023-01-29 22:00:00,Laptop X,Tokyo,3839.29,9,8000
2023-01-29 23:00:00,Phone Y,New York,836.6,9,1896
2023-01-30 00:00:00,Headphones,New York,3070.61,6,6558
2023-01-30 01:00:00,Phone Y,New York,720.0,6,9469
2023-01-30 02:00:00,Phone Y,London,3769.31,5,5647
2023-01-30 03:00:00,Phone Y,Berlin,3301.93,9,3432
2023-01-30 04:00:00,Tablet Z,Tokyo,4785.24,8,4904
2023-01-30 05:00:00,Tablet Z,Berlin,391.34,7,7837
2023-01-30 06:00:00,Phone Y,Berlin,332.42,7,2449
2023-01-30 07:00:00,Headphones,Berlin,1446.83,6,5500
2023-01-30 08:00:00,Laptop X,New York,1345.44,5,6454
2023-01-30 09:00:00,Headphones,Tokyo,1272.55,4,5117
2023-01-30 10:00:00,Monitor,Tokyo,4535.96,3,9869
2023-01-30 11:00:00,Tablet Z,Berlin,1285.25,3,3028
2023-01-30 12:00:00,Laptop X,New York,1396.15,6,7845
2023-01-30 13:00:00,Laptop X,New York,3809.02,4,4758
2023-01-30 14:00:00,Monitor,Tokyo,2276.21,6,6904
2023-01-30 15:00:00,Monitor,New York,3894.72,3,5624
2023-01-30 16:00:00,Phone Y,New York,373.56,4,9848
2023-01-30 17:00:00,Tablet Z,New York,2463.48,9,1165
2023-01-30 18:00:00,Tablet Z,London,216.39,5,5591
2023-01-30 19:00:00,Headphones,Berlin,360.13,7,1589
2023-01-30 20:00:00,Phone Y,Tokyo,4536.87,2,5524
2023-01-30 21:00:00,Phone Y,Tokyo,739.26,5,3821
2023-01-30 22:00:00,Phone Y,London,2685.48,9,7509
2023-01-30 23:00:00,Phone Y,Berlin,2084.92,3,8693
2023-01-31 00:00:00,Tablet Z,Tokyo,1769.35,9,1071
2023-01-31 01:00:00,Tablet Z,New York,4504.18,6,4580
2023-01-31 02:00:00,Phone Y,Tokyo,158.03,4,8962
2023-01-31 03:00:00,Headphones,New York,3335.76,7,1268
2023-01-31 04:00:00,Laptop X,London,4818.8,8,3462
2023-01-31 05:00:00,Laptop X,New York,2822.83,6,2015
2023-01-31 06:00:00,Headphones,Tokyo,4687.27,5,8984
2023-01-31 07:00:00,Phone Y,Tokyo,308.68,6,1406
2023-01-31 08:00:00,Tablet Z,Tokyo,2123.03,5,8384
2023-01-31 09:00:00,Laptop X,London,1337.78,8,7049
2023-01-31 10:00:00,Monitor,London,3667.56,1,7169
2023-01-31 11:00:00,Monitor,Berlin,4907.42,7,8982
2023-01-31 12:00:00,Headphones,Tokyo,1319.82,2,1985
2023-01-31 13:00:00,Phone Y,New York,3288.16,9,5485
2023-01-31 14:00:00,Laptop X,London,1030.58,1,9901
2023-01-31 15:00:00,Phone Y,Tokyo,2848.38,6,3618
2023-01-31 16:00:00,Laptop X,Tokyo,2346.47,9,7289
2023-01-31 17:00:00,Headphones,London,4861.43,1,7928
2023-01-31 18:00:00,Headphones,Berlin,3062.21,4,6368
2023-01-31 19:00:00,Monitor,London,1780.06,4,5621
2023-01-31 20:00:00,Phone Y,London,614.77,9,8566
2023-01-31 21:00:00,Monitor,New York,798.67,5,5670
2023-01-31 22:00:00,Phone Y,New York,1165.32,5,8658
2023-01-31 23:00:00,Monitor,Berlin,1292.28,6,2003
2023-02-01 00:00:00,Tablet Z,Tokyo,4260.55,1,8504
2023-02-01 01:00:00,Tablet Z,London,2828.05,1,3466
2023-02-01 02:00:00,Tablet Z,Berlin,2640.79,9,2939
2023-02-01 03:00:00,Tablet Z,New York,618.11,3,2635
2023-02-01 04:00:00,Laptop X,London,4307.69,4,9095
2023-02-01 05:00:00,Tablet Z,Tokyo,3627.93,1,7265
2023-02-01 06:00:00,Headphones,New York,384.96,9,2895
2023-02-01 07:00:00,Headphones,New York,3553.78,8,7524
2023-02-01 08:00:00,Laptop X,New York,2740.51,2,2073
2023-02-01 09:00:00,Tablet Z,Berlin,454.54,8,6184
2023-02-01 10:00:00,Tablet Z,Tokyo,2318.59,7,3402
2023-02-01 11:00:00,Tablet Z,London,2449.25,6,5895
2023-02-01 12:00:00,Monitor,Berlin,870.58,1,8331
2023-02-01 13:00:00,Phone Y,Berlin,4731.21,7,2956
2023-02-01 14:00:00,Monitor,Berlin,4257.38,7,8023
2023-02-01 15:00:00,Phone Y,New York,3361.66,9,4907
2023-02-01 16:00:00,Tablet Z,Tokyo,2338.36,1,1807
2023-02-01 17:00:00,Tablet Z,Berlin,2088.24,2,9378
2023-02-01 18:00:00,Monitor,London,3272.32,9,5827
2023-02-01 19:00:00,Monitor,Tokyo,2749.89,9,5524
2023-02-01 20:00:00,Phone Y,London,358.25,6,3284
2023-02-01 21:00:00,Headphones,Tokyo,2586.89,6,6313
2023-02-01 22:00:00,Phone Y,London,4041.7,4,1757
2023-02-01 23:00:00,Monitor,New York,2323.24,4,5887
2023-02-02 00:00:00,Monitor,Berlin,307.19,5,4854
2023-02-02 01:00:00,Laptop X,London,3942.08,3,4558
2023-02-02 02:00:00,Monitor,Tokyo,1046.75,1,1961
2023-02-02 03:00:00,Laptop X,Berlin,1330.17,1,4847
2023-02-02 04:00:00,Headphones,Berlin,865.3,7,7726
2023-02-02 05:00:00,Phone Y,Tokyo,1684.56,1,4575
2023-02-02 06:00:00,Phone Y,London,3795.92,1,3418
2023-02-02 07:00:00,Laptop X,New York,2620.96,3,5198
2023-02-02 08:00:00,Phone Y,New York,1064.16,4,2001
2023-02-02 09:00:00,Monitor,London,4395.26,4,6244
2023-02-02 10:00:00,Tablet Z,Berlin,4403.93,2,8119
2023-02-02 11:00:00,Laptop X,Berlin,4359.36,1,5066
2023-02-02 12:00:00,Phone Y,Berlin,1232.04,3,3845
2023-02-02 13:00:00,Laptop X,Berlin,2283.63,4,9849
2023-02-02 14:00:00,Laptop X,London,4925.7,3,6316
2023-02-02 15:00:00,Tablet Z,Berlin,3871.46,8,1422
2023-02-02 16:00:00,Monitor,Tokyo,184.48,1,7715
2023-02-02 17:00:00,Laptop X,Berlin,372.76,2,5266
2023-02-02 18:00:00,Phone Y,New York,2346.46,7,8549
2023-02-02 19:00:00,Headphones,Berlin,4550.64,4,7316
2023-02-02 20:00:00,Laptop X,London,2716.57,8,3710
2023-02-02 21:00:00,Laptop X,New York,2514.17,3,9644
2023-02-02 22:00:00,Tablet Z,London,572.09,6,9069
2023-02-02 23:00:00,Monitor,London,3301.06,9,2657
2023-02-03 00:00:00,Headphones,New York,4119.41,1,3541
2023-02-03 01:00:00,Phone Y,London,1933.08,1,7763
2023-02-03 02:00:00,Headphones,London,3889.28,8,4075
2023-02-03 03:00:00,Phone Y,Berlin,4824.16,3,4164
2023-02-03 04:00:00,Monitor,Tokyo,1058.64,5,3053
2023-02-03 05:00:00,Phone Y,London,2640.48,1,9479
2023-02-03 06:00:00,Tablet Z,London,1471.33,5,6737
2023-02-03 07:00:00,Tablet Z,London,3974.63,6,4217
2023-02-03 08:00:00,Tablet Z,Berlin,2909.09,8,2447
2023-02-03 09:00:00,Tablet Z,Tokyo,3191.18,3,7009
2023-02-03 10:00:00,Headphones,New York,3999.68,3,1607
2023-02-03 11:00:00,Monitor,Berlin,2010.05,9,5552
2023-02-03 12:00:00,Phone Y,Berlin,4579.7,4,2764
2023-02-03 13:00:00,Phone Y,Tokyo,2688.49,4,3671
2023-02-03 14:00:00,Tablet Z,Tokyo,831.88,7,7519
2023-02-03 15:00:00,Tablet Z,Berlin,3494.7,2,4962
2023-02-03 16:00:00,Laptop X,New York,3976.64,8,4177
2023-02-03 17:00:00,Monitor,Berlin,1617.97,6,4722
2023-02-03 18:00:00,Headphones,Tokyo,4293.04,3,5906
2023-02-03 19:00:00,Phone Y,New York,4535.41,9,8263
2023-02-03 20:00:00,Laptop X,Tokyo,1420.68,5,6054
2023-02-03 21:00:00,Laptop X,New York,4918.43,8,1808
2023-02-03 22:00:00,Phone Y,London,746.52,7,1725
2023-02-03 23:00:00,Headphones,Tokyo,1049.98,8,8701
2023-02-04 00:00:00,Laptop X,Tokyo,961.91,7,2216
2023-02-04 01:00:00,Laptop X,Berlin,4475.25,3,5051
2023-02-04 02:00:00,Monitor,Tokyo,3288.75,2,3197
2023-02-04 03:00:00,Headphones,Tokyo,802.92,7,3806
2023-02-04 04:00:00,Laptop X,London,2229.6,3,9970
2023-02-04 05:00:00,Headphones,Tokyo,3095.73,3,1972
2023-02-04 06:00:00,Phone Y,London,463.15,2,6634
2023-02-04 07:00:00,Tablet Z,London,4417.96,4,8483
2023-02-04 08:00:00,Laptop X,London,4027.84,8,3123
2023-02-04 09:00:00,Monitor,London,2550.77,1,9790
2023-02-04 10:00:00,Phone Y,New York,4837.28,1,1224
2023-02-04 11:00:00,Headphones,Berlin,2117.92,5,2814
2023-02-04 12:00:00,Phone Y,New York,4921.35,5,2106
2023-02-04 13:00:00,Laptop X,Tokyo,3356.2,1,1124
2023-02-04 14:00:00,Headphones,New York,3191.62,6,4246
2023-02-04 15:00:00,Tablet Z,New York,871.48,1,3931
2023-02-04 16:00:00,Phone Y,Tokyo,4415.54,5,3971
2023-02-04 17:00:00,Laptop X,Tokyo,2166.07,9,3017
2023-02-04 18:00:00,Monitor,Tokyo,853.06,5,8415
2023-02-04 19:00:00,Headphones,New York,112.41,6,3415
2023-02-04 20:00:00,Phone Y,New York,2820.79,8,4096
2023-02-04 21:00:00,Phone Y,Tokyo,2660.63,1,2609
2023-02-04 22:00:00,Tablet Z,Berlin,3610.8,2,1717
2023-02-04 23:00:00,Tablet Z,Berlin,4456.78,9,4561
2023-02-05 00:00:00,Monitor,London,443.06,3,7782
2023-02-05 01:00:00,Monitor,Tokyo,3670.91,6,2048
2023-02-05 02:00:00,Laptop X,London,977.69,5,9307
2023-02-05 03:00:00,Laptop X,Berlin,4297.98,2,8905
2023-02-05 04:00:00,Monitor,London,4104.36,7,6578
2023-02-05 05:00:00,Monitor,Tokyo,2726.93,4,2620
2023-02-05 06:00:00,Headphones,Tokyo,3565.7,1,7548
2023-02-05 07:00:00,Tablet Z,Tokyo,1606.03,4,8381
2023-02-05 08:00:00,Laptop X,New York,2382.28,6,5780
2023-02-05 09:00:00,Tablet Z,London,4117.1,7,4792
2023-02-05 10:00:00,Tablet Z,Berlin,2323.36,7,3941
2023-02-05 11:00:00,Monitor,Berlin,1821.1,7,6695
2023-02-05 12:00:00,Headphones,Berlin,2496.35,3,7401
2023-02-05 13:00:00,Phone Y,New York,4149.83,6,7197
2023-02-05 14:00:00,Headphones,New York,1709.28,8,6450
2023-02-05 15:00:00,Headphones,Tokyo,910.12,4,9975
2023-02-05 16:00:00,Tablet Z,Berlin,3574.47,8,9432
2023-02-05 17:00:00,Headphones,New York,4138.59,2,6874
2023-02-05 18:00:00,Laptop X,Tokyo,548.16,9,2553
2023-02-05 19:00:00,Tablet Z,Berlin,1237.38,9,2012
2023-02-05 20:00:00,Laptop X,London,752.76,8,9378
2023-02-05 21:00:00,Phone Y,Tokyo,1772.31,1,2881
2023-02-05 22:00:00,Tablet Z,New York,2279.24,2,7799
2023-02-05 23:00:00,Phone Y,New York,3756.69,6,5586
2023-02-06 00:00:00,Tablet Z,Tokyo,3273.18,5,9622
2023-02-06 01:00:00,Monitor,Tokyo,3123.6,9,9430
2023-02-06 02:00:00,Headphones,New York,1794.26,5,7447
2023-02-06 03:00:00,Monitor,London,4215.17,2,3345
2023-02-06 04:00:00,Phone Y,Berlin,2382.87,4,1075
2023-02-06 05:00:00,Headphones,London,4896.57,9,6877
2023-02-06 06:00:00,Tablet Z,Tokyo,3189.0,1,7785
2023-02-06 07:00:00,Headphones,London,675.01,1,5922
2023-02-06 08:00:00,Laptop X,New York,3397.08,7,9090
2023-02-06 09:00:00,Headphones,Tokyo,1659.26,3,3330
2023-02-06 10:00:00,Laptop X,Berlin,3447.32,2,5686
2023-02-06 11:00:00,Headphones,New York,394.72,9,2902
2023-02-06 12:00:00,Laptop X,New York,915.66,3,5670
2023-02-06 13:00:00,Phone Y,Berlin,4285.9,2,8143
2023-02-06 14:00:00,Monitor,Berlin,1174.54,8,3059
2023-02-06 15:00:00,Tablet Z,London,4193.35,6,1140
2023-02-06 16:00:00,Headphones,Tokyo,1432.42,6,2789
2023-02-06 17:00:00,Monitor,Berlin,3232.27,7,1016
2023-02-06 18:00:00,Tablet Z,Berlin,3486.05,7,1464
2023-02-06 19:00:00,Tablet Z,Tokyo,2587.64,6,5471
2023-02-06 20:00:00,Laptop X,Berlin,1561.29,4,2827
2023-02-06 21:00:00,Phone Y,Berlin,1102.59,9,9711
2023-02-06 22:00:00,Phone Y,London,214.29,6,6956
2023-02-06 23:00:00,Monitor,New York,1554.53,4,1089
2023-02-07 00:00:00,Phone Y,New York,3283.16,3,5815
2023-02-07 01:00:00,Headphones,New York,4694.61,4,3851
2023-02-07 02:00:00,Phone Y,New York,4362.46,3,3843
2023-02-07 03:00:00,Monitor,Berlin,3842.02,2,7543
2023-02-07 04:00:00,Phone Y,Tokyo,3952.81,5,6901
2023-02-07 05:00:00,Headphones,Tokyo,3341.68,2,1969
2023-02-07 06:00:00,Laptop X,London,1338.42,6,2094
2023-02-07 07:00:00,Monitor,London,4540.62,3,7124
2023-02-07 08:00:00,Laptop X,Berlin,3370.12,6,8347
2023-02-07 09:00:00,Laptop X,Tokyo,2824.18,9,4195
2023-02-07 10:00:00,Laptop X,Tokyo,599.4,1,2404
2023-02-07 11:00:00,Tablet Z,New York,2262.92,6,7940
2023-02-07 12:00:00,Tablet Z,Berlin,2328.77,9,5290
2023-02-07 13:00:00,Laptop X,Berlin,4329.59,4,4982
2023-02-07 14:00:00,Monitor,New York,2755.91,2,6555
2023-02-07 15:00:00,Headphones,Berlin,1932.98,4,8954
2023-02-07 16:00:00,Headphones,Berlin,4885.16,1,5713
2023-02-07 17:00:00,Phone Y,London,598.07,3,4092
2023-02-07 18:00:00,Monitor,Tokyo,2141.61,9,5159
2023-02-07 19:00:00,Tablet Z,Berlin,258.02,5,7308
2023-02-07 20:00:00,Laptop X,London,3712.53,6,8478
2023-02-07 21:00:00,Phone Y,Tokyo,4594.48,3,9476
2023-02-07 22:00:00,Headphones,New York,1436.18,5,5933
2023-02-07 23:00:00,Tablet Z,London,4298.79,8,5926
2023-02-08 00:00:00,Tablet Z,London,1496.48,6,4969
2023-02-08 01:00:00,Laptop X,Tokyo,4558.31,4,3965
2023-02-08 02:00:00,Headphones,New York,3782.11,2,5319
2023-02-08 03:00:00,Monitor,London,4034.29,9,9975
2023-02-08 04:00:00,Tablet Z,Berlin,139.13,1,8108
2023-02-08 05:00:00,Laptop X,Berlin,4815.91,1,4939
2023-02-08 06:00:00,Monitor,Berlin,3647.02,4,1044
2023-02-08 07:00:00,Headphones,New York,1558.52,7,2810
2023-02-08 08:00:00,Tablet Z,London,4155.5,1,5566
2023-02-08 09:00:00,Monitor,Berlin,1443.53,9,2909
2023-02-08 10:00:00,Monitor,New York,4370.13,4,7364
2023-02-08 11:00:00,Monitor,Berlin,607.27,3,3581
2023-02-08 12:00:00,Tablet Z,Tokyo,3533.25,1,1691
2023-02-08 13:00:00,Tablet Z,London,2726.46,4,1931
2023-02-08 14:00:00,Phone Y,London,527.85,9,8910
2023-02-08 15:00:00,Headphones,New York,1247.37,6,7382
2023-02-08 16:00:00,Laptop X,New York,111.4,6,4406
2023-02-08 17:00:00,Monitor,London,2370.4,1,9339
2023-02-08 18:00:00,Phone Y,Berlin,1541.26,2,2032
2023-02-08 19:00:00,Laptop X,Berlin,3011.87,6,2311
2023-02-08 20:00:00,Phone Y,Tokyo,1521.33,2,9579
2023-02-08 21:00:00,Tablet Z,Berlin,1534.6,3,4121
2023-02-08 22:00:00,Monitor,New York,3728.81,4,2873
2023-02-08 23:00:00,Laptop X,New York,288.31,5,7781
2023-02-09 00:00:00,Laptop X,Berlin,4519.33,9,4748
2023-02-09 01:00:00,Laptop X,New York,4268.71,4,1277
2023-02-09 02:00:00,Laptop X,London,3355.63,9,2859
2023-02-09 03:00:00,Laptop X,London,2986.45,3,6929
2023-02-09 04:00:00,Phone Y,Berlin,4466.9,8,7792
2023-02-09 05:00:00,Monitor,London,967.38,1,5713
2023-02-09 06:00:00,Tablet Z,London,440.9,9,5675
2023-02-09 07:00:00,Tablet Z,Tokyo,1235.58,9,2170
2023-02-09 08:00:00,Tablet Z,Tokyo,3983.16,2,9681
2023-02-09 09:00:00,Tablet Z,London,221.62,4,6308
2023-02-09 10:00:00,Phone Y,Berlin,2934.89,8,3462
2023-02-09 11:00:00,Headphones,Tokyo,4977.42,7,1287
2023-02-09 12:00:00,Monitor,New York,4285.7,1,6953
2023-02-09 13:00:00,Laptop X,New York,2631.16,5,5282
2023-02-09 14:00:00,Headphones,New York,365.02,7,2907
2023-02-09 15:00:00,Tablet Z,Berlin,4165.3,4,2161
2023-02-09 16:00:00,Headphones,London,3014.94,1,1129
2023-02-09 17:00:00,Monitor,New York,618.92,9,7337
2023-02-09 18:00:00,Laptop X,Berlin,514.59,5,3363
2023-02-09 19:00:00,Laptop X,Tokyo,4552.65,2,9151
2023-02-09 20:00:00,Monitor,London,3362.54,8,6983
2023-02-09 21:00:00,Monitor,Tokyo,4154.97,2,1143
2023-02-09 22:00:00,Tablet Z,Berlin,4400.95,3,9207
2023-02-09 23:00:00,Laptop X,New York,2880.27,1,8469
2023-02-10 00:00:00,Headphones,New York,2611.36,2,1244
2023-02-10 01:00:00,Phone Y,Berlin,2180.62,7,1926
2023-02-10 02:00:00,Phone Y,New York,1618.89,2,4178
2023-02-10 03:00:00,Monitor,London,2201.25,6,3176
2023-02-10 04:00:00,Tablet Z,Berlin,3880.7,3,6002
2023-02-10 05:00:00,Phone Y,Tokyo,3029.52,4,1886
2023-02-10 06:00:00,Laptop X,Berlin,4467.99,8,9532
2023-02-10 07:00:00,Monitor,London,2244.73,3,4398
2023-02-10 08:00:00,Headphones,London,3055.09,6,9497
2023-02-10 09:00:00,Monitor,Berlin,3174.97,1,3654
2023-02-10 10:00:00,Headphones,Berlin,2978.9,7,8392
2023-02-10 11:00:00,Monitor,New York,3528.04,8,2371
2023-02-10 12:00:00,Monitor,London,1225.3,8,8135
2023-02-10 13:00:00,Monitor,Berlin,2586.2,3,1320
2023-02-10 14:00:00,Headphones,Berlin,565.91,1,5654
2023-02-10 15:00:00,Headphones,London,1953.33,9,6300
2023-02-10 16:00:00,Monitor,Berlin,2463.95,6,7761
2023-02-10 17:00:00,Phone Y,New York,3278.51,9,7854
2023-02-10 18:00:00,Tablet Z,London,4755.13,7,6505
2023-02-10 19:00:00,Tablet Z,New York,3023.22,1,7553
2023-02-10 20:00:00,Tablet Z,New York,3730.79,1,5042
2023-02-10 21:00:00,Headphones,New York,2556.02,6,8498
2023-02-10 22:00:00,Headphones,New York,3188.81,5,7636
2023-02-10 23:00:00,Phone Y,London,401.11,9,8362
2023-02-11 00:00:00,Tablet Z,New York,1309.24,2,1011
2023-02-11 01:00:00,Tablet Z,New York,1841.17,8,1194
2023-02-11 02:00:00,Monitor,Berlin,2388.84,5,3537
2023-02-11 03:00:00,Headphones,London,275.96,2,3842
2023-02-11 04:00:00,Tablet Z,London,743.12,6,3229
2023-02-11 05:00:00,Phone Y,Tokyo,1420.23,8,4009
2023-02-11 06:00:00,Phone Y,London,4859.09,4,8984
2023-02-11 07:00:00,Tablet Z,London,1690.17,2,3077
2023-02-11 08:00:00,Headphones,Tokyo,2436.1,5,8845
2023-02-11 09:00:00,Phone Y,London,1020.68,2,4867
2023-02-11 10:00:00,Monitor,London,3073.36,2,5873
2023-02-11 11:00:00,Phone Y,London,1439.38,6,9635
2023-02-11 12:00:00,Laptop X,London,1074.61,9,1297
2023-02-11 13:00:00,Laptop X,Tokyo,2607.03,4,6856
2023-02-11 14:00:00,Headphones,London,77.25,6,2015
2023-02-11 15:00:00,Tablet Z,London,87.94,7,2384
