weigh_in_date,material_type,gross_weight_lbs,tare_weight_lbs,net_weight_lbs,price_per_lb,payout_total,supplier_type
2023-01-01,Copper Wire,767.7,147.3,3597.2,0.63,560.26,Public Walk-in
2023-01-02,Aluminum Cans,2062.7,117.5,724.9,1.66,1120.7,Demolition Co
2023-01-03,Copper Wire,1762.7,308.7,4318.5,0.9,558.48,Public Walk-in
2023-01-04,Steel Scrap,4526.6,165.5,673.5,1.95,4695.22,Public Walk-in
2023-01-05,Aluminum Cans,82.1,183.1,1328.7,0.58,4352.55,Plumber
2023-01-06,Aluminum Cans,630.3,139.0,2804.0,0.08,3719.37,Public Walk-in
2023-01-07,Brass,2465.6,125.3,878.6,2.92,1992.65,Electrician
2023-01-08,Copper Wire,961.3,409.1,4246.3,1.49,3617.66,Plumber
2023-01-09,Copper Wire,3514.6,225.2,3481.6,2.86,1274.73,Demolition Co
2023-01-10,Aluminum Cans,3444.3,374.6,564.1,0.93,678.43,Plumber
2023-01-11,Cast Iron,3116.7,373.4,722.2,0.61,3546.15,Plumber
2023-01-12,Aluminum Cans,2813.7,491.9,2058.3,1.66,2806.34,Demolition Co
2023-01-13,Brass,2106.7,137.4,2774.7,2.2,1298.55,Public Walk-in
2023-01-14,Aluminum Cans,3913.1,173.4,439.9,0.61,282.8,Public Walk-in
2023-01-15,Aluminum Cans,3774.9,15.4,4079.9,0.44,2619.66,Plumber
2023-01-16,Brass,317.6,435.3,783.1,2.14,2841.75,Demolition Co
2023-01-17,Copper Wire,2204.0,380.5,3005.7,3.13,503.83,Public Walk-in
2023-01-18,Steel Scrap,4116.0,162.0,4018.5,1.21,4602.99,Plumber
2023-01-19,Brass,1177.4,309.6,265.8,0.9,4507.56,Demolition Co
2023-01-20,Brass,365.0,280.9,1460.9,2.69,4789.94,Demolition Co
2023-01-21,Brass,4176.6,296.9,3504.8,3.11,2831.26,Public Walk-in
2023-01-22,Copper Wire,2643.0,22.6,4177.5,2.05,4369.86,Electrician
2023-01-23,Copper Wire,2779.4,320.7,1065.4,2.1,70.94,Public Walk-in
2023-01-24,Brass,2232.9,35.1,208.4,2.57,677.63,Demolition Co
2023-01-25,Copper Wire,1788.5,79.4,1986.8,2.62,4710.5,Electrician
2023-01-26,Steel Scrap,2448.1,341.1,2753.2,0.08,1372.34,Public Walk-in
2023-01-27,Brass,288.1,357.0,2828.5,1.9,1138.11,Electrician
2023-01-28,Aluminum Cans,1351.2,113.7,2949.6,0.16,1470.56,Demolition Co
2023-01-29,Brass,2689.4,282.2,3428.6,2.26,4416.61,Public Walk-in
2023-01-30,Steel Scrap,3923.6,114.9,2603.2,3.22,2066.43,Plumber
2023-01-31,Cast Iron,91.3,487.5,1812.0,0.75,1981.95,Demolition Co
2023-02-01,Copper Wire,3951.9,218.8,1697.2,3.24,56.17,Plumber
2023-02-02,Aluminum Cans,3681.6,23.1,2734.6,3.13,3145.55,Plumber
2023-02-03,Steel Scrap,4769.5,100.4,3325.8,0.08,63.39,Demolition Co
2023-02-04,Cast Iron,750.1,424.8,4009.8,0.42,2085.68,Demolition Co
2023-02-05,Steel Scrap,391.9,242.3,1184.2,2.02,1997.26,Public Walk-in
2023-02-06,Steel Scrap,4962.8,395.9,295.9,1.82,3522.79,Demolition Co
2023-02-07,Brass,2237.6,355.3,3908.1,1.45,2262.19,Plumber
2023-02-08,Copper Wire,2089.4,181.6,3977.8,1.45,2767.81,Demolition Co
2023-02-09,Copper Wire,345.1,197.8,1832.9,0.62,3735.08,Electrician
2023-02-10,Copper Wire,2388.1,108.6,548.3,0.13,751.15,Electrician
2023-02-11,Copper Wire,4780.9,458.3,508.7,2.36,2881.97,Demolition Co
2023-02-12,Steel Scrap,3788.1,125.5,3991.5,1.59,4846.29,Demolition Co
2023-02-13,Copper Wire,3277.8,390.6,3067.6,0.51,1574.1,Electrician
2023-02-14,Copper Wire,1275.2,448.8,951.9,0.57,1693.1,Demolition Co
2023-02-15,Aluminum Cans,1778.1,58.2,2327.1,3.48,3827.07,Electrician
2023-02-16,Aluminum Cans,1007.7,346.8,1252.7,1.39,3648.43,Demolition Co
2023-02-17,Cast Iron,4488.2,276.4,1037.0,1.68,1924.51,Public Walk-in
2023-02-18,Copper Wire,4727.5,17.3,2512.6,0.43,677.82,Plumber
2023-02-19,Brass,217.6,459.6,886.9,3.02,971.24,Public Walk-in
2023-02-20,Aluminum Cans,1599.4,84.7,685.4,2.63,430.13,Plumber
2023-02-21,Aluminum Cans,2662.0,398.3,3419.2,0.43,357.09,Electrician
2023-02-22,Copper Wire,2619.8,351.4,1451.1,3.08,3699.31,Demolition Co
2023-02-23,Aluminum Cans,1419.1,44.6,4175.0,1.59,4906.16,Public Walk-in
2023-02-24,Steel Scrap,978.3,182.2,2201.7,2.7,1985.23,Plumber
2023-02-25,Cast Iron,1309.9,437.6,292.3,0.94,2961.28,Public Walk-in
2023-02-26,Aluminum Cans,2091.4,382.9,2034.3,1.08,2740.27,Plumber
2023-02-27,Aluminum Cans,1141.9,298.4,4487.5,1.84,161.13,Electrician
2023-02-28,Cast Iron,3990.6,322.4,1500.4,0.09,2854.62,Public Walk-in
2023-03-01,Steel Scrap,1550.9,260.5,1391.6,2.84,1540.92,Demolition Co
2023-03-02,Aluminum Cans,3256.4,157.0,1210.0,0.36,2115.89,Electrician
2023-03-03,Brass,830.2,344.5,2079.8,2.18,3723.12,Electrician
2023-03-04,Aluminum Cans,4005.7,103.8,529.9,3.18,905.87,Demolition Co
2023-03-05,Steel Scrap,781.3,297.2,2528.7,2.27,861.48,Demolition Co
2023-03-06,Aluminum Cans,2848.9,201.0,4286.9,0.53,4381.73,Public Walk-in
2023-03-07,Copper Wire,2568.8,428.9,2392.4,2.53,943.45,Public Walk-in
2023-03-08,Brass,2750.2,11.1,2918.4,2.6,297.1,Electrician
2023-03-09,Aluminum Cans,1284.4,72.7,4163.0,2.63,1197.11,Public Walk-in
2023-03-10,Aluminum Cans,4572.6,408.1,1700.2,2.51,2377.14,Electrician
2023-03-11,Aluminum Cans,265.2,161.3,4408.9,1.07,32.89,Public Walk-in
2023-03-12,Steel Scrap,4370.2,396.3,3237.6,2.42,2011.18,Public Walk-in
2023-03-13,Steel Scrap,4866.2,151.3,1237.7,0.92,4946.5,Demolition Co
2023-03-14,Steel Scrap,3617.1,263.6,2815.2,1.68,2824.31,Plumber
2023-03-15,Copper Wire,3932.0,186.7,3963.1,3.17,3653.32,Plumber
2023-03-16,Cast Iron,4335.6,356.7,3998.3,1.98,1066.88,Plumber
2023-03-17,Brass,2967.3,392.6,1298.0,1.21,990.08,Plumber
2023-03-18,Steel Scrap,1855.7,50.4,3343.0,2.77,1051.45,Demolition Co
2023-03-19,Brass,2570.9,169.4,799.3,1.98,1618.93,Plumber
2023-03-20,Aluminum Cans,3597.9,70.1,2237.4,3.48,2996.39,Demolition Co
2023-03-21,Aluminum Cans,1838.7,393.0,2261.6,2.18,2527.19,Public Walk-in
2023-03-22,Aluminum Cans,1405.6,484.0,3410.8,1.08,4764.21,Public Walk-in
2023-03-23,Brass,1357.9,393.1,1818.7,0.93,4251.47,Public Walk-in
2023-03-24,Aluminum Cans,3478.3,171.2,1042.7,2.54,3892.91,Electrician
2023-03-25,Steel Scrap,962.3,83.6,1037.6,1.99,4489.44,Plumber
2023-03-26,Copper Wire,4583.3,381.6,429.4,2.76,1525.94,Demolition Co
2023-03-27,Steel Scrap,1711.7,3.9,944.4,1.97,663.38,Demolition Co
2023-03-28,Steel Scrap,3495.4,407.6,315.7,3.34,2082.53,Plumber
2023-03-29,Aluminum Cans,4120.9,82.7,1957.7,0.59,3524.55,Demolition Co
2023-03-30,Aluminum Cans,4651.9,101.3,157.3,2.3,3331.84,Demolition Co
2023-03-31,Copper Wire,2569.2,141.0,926.7,0.62,4110.17,Electrician
2023-04-01,Brass,4080.1,358.8,4102.6,0.93,1109.72,Electrician
2023-04-02,Aluminum Cans,1854.2,393.7,1905.0,2.41,1367.63,Electrician
2023-04-03,Brass,2385.9,214.0,1004.8,3.19,1750.17,Public Walk-in
2023-04-04,Steel Scrap,1376.6,387.8,4431.8,1.17,2423.65,Electrician
2023-04-05,Aluminum Cans,3888.3,221.6,850.3,3.19,117.11,Plumber
2023-04-06,Aluminum Cans,3485.7,445.2,64.2,2.57,1754.11,Electrician
2023-04-07,Cast Iron,3596.9,58.0,121.8,0.95,4938.27,Demolition Co
2023-04-08,Brass,1740.3,329.4,4436.1,0.67,4823.99,Demolition Co
2023-04-09,Steel Scrap,3289.8,40.6,177.4,3.34,1861.98,Demolition Co
2023-04-10,Steel Scrap,3213.6,212.2,2629.5,0.63,3484.13,Electrician
2023-04-11,Copper Wire,3090.2,173.1,4483.6,1.3,1276.8,Demolition Co
2023-04-12,Aluminum Cans,4411.4,315.9,2051.4,2.77,2296.02,Electrician
2023-04-13,Copper Wire,3298.2,3.5,2511.3,2.69,450.22,Demolition Co
2023-04-14,Cast Iron,2939.2,400.7,159.5,1.3,3793.18,Demolition Co
2023-04-15,Cast Iron,3612.1,389.5,1294.2,1.93,2524.56,Plumber
2023-04-16,Aluminum Cans,4231.8,260.3,175.1,2.3,4811.05,Plumber
2023-04-17,Brass,2019.6,37.7,1281.4,3.14,4457.09,Public Walk-in
2023-04-18,Brass,4376.7,468.7,2975.8,1.45,4557.26,Electrician
2023-04-19,Brass,1679.3,332.9,417.1,0.81,3047.06,Public Walk-in
2023-04-20,Copper Wire,2884.2,253.6,1396.0,1.84,192.52,Public Walk-in
2023-04-21,Brass,2561.0,21.1,1203.3,3.42,499.97,Demolition Co
2023-04-22,Steel Scrap,1494.9,119.4,782.7,2.54,2241.66,Public Walk-in
2023-04-23,Brass,4723.2,128.7,2561.2,2.15,683.6,Public Walk-in
2023-04-24,Copper Wire,1050.5,78.9,1375.6,1.74,4189.15,Public Walk-in
2023-04-25,Aluminum Cans,1380.9,440.0,1631.4,1.55,2610.69,Demolition Co
2023-04-26,Cast Iron,1468.5,76.1,956.7,1.5,3770.18,Electrician
2023-04-27,Aluminum Cans,1982.2,467.9,1224.5,1.82,1369.22,Public Walk-in
2023-04-28,Copper Wire,2003.1,351.5,2423.0,2.19,3636.83,Demolition Co
2023-04-29,Aluminum Cans,1069.0,418.5,3750.2,0.87,4762.67,Electrician
2023-04-30,Brass,3515.3,439.7,1740.7,2.17,4974.99,Demolition Co
2023-05-01,Aluminum Cans,2853.7,75.4,2345.7,3.01,3099.23,Electrician
2023-05-02,Cast Iron,132.9,198.5,3718.9,0.3,165.05,Plumber
2023-05-03,Steel Scrap,3942.0,109.1,3909.9,2.01,3208.49,Electrician
2023-05-04,Steel Scrap,2192.3,228.6,1032.9,3.41,4766.3,Demolition Co
2023-05-05,Aluminum Cans,3309.3,358.4,2006.4,0.47,3282.69,Electrician
2023-05-06,Cast Iron,1522.5,286.5,2527.8,0.31,751.02,Plumber
2023-05-07,Cast Iron,1395.6,284.3,929.6,2.64,1265.02,Demolition Co
2023-05-08,Brass,4443.9,308.7,4291.6,2.36,2549.63,Electrician
2023-05-09,Cast Iron,141.0,46.4,618.8,0.58,1379.78,Plumber
2023-05-10,Aluminum Cans,3580.8,249.0,1732.5,3.09,3741.6,Plumber
2023-05-11,Aluminum Cans,2792.5,5.5,2171.1,2.15,3604.68,Electrician
2023-05-12,Steel Scrap,254.6,151.3,970.3,0.94,3013.14,Demolition Co
2023-05-13,Brass,4422.6,125.1,4438.9,1.72,2691.09,Demolition Co
2023-05-14,Brass,1105.9,413.7,1889.6,1.0,557.61,Demolition Co
2023-05-15,Aluminum Cans,1329.2,455.8,2737.5,2.66,4653.99,Plumber
2023-05-16,Brass,2184.0,5.3,1529.7,0.19,160.74,Electrician
2023-05-17,Cast Iron,4912.1,460.1,3937.9,3.44,2670.81,Electrician
2023-05-18,Aluminum Cans,4462.8,350.6,579.3,0.69,2477.31,Public Walk-in
2023-05-19,Copper Wire,1202.2,387.5,3989.7,0.7,3950.71,Demolition Co
2023-05-20,Copper Wire,4377.4,202.7,2336.8,1.09,3000.77,Plumber
2023-05-21,Copper Wire,3149.9,189.1,640.6,2.96,2009.1,Public Walk-in
2023-05-22,Copper Wire,2308.1,382.2,590.5,2.69,783.55,Demolition Co
2023-05-23,Aluminum Cans,2915.5,60.9,3002.3,3.31,3961.05,Electrician
2023-05-24,Steel Scrap,2388.0,355.1,1654.8,0.47,803.03,Electrician
2023-05-25,Brass,1853.2,348.5,4215.1,0.09,3037.97,Demolition Co
2023-05-26,Aluminum Cans,3086.3,421.2,785.4,0.98,1254.45,Public Walk-in
2023-05-27,Brass,3572.6,107.6,3559.1,3.45,3919.43,Electrician
2023-05-28,Steel Scrap,1367.2,199.6,535.7,3.1,3435.31,Demolition Co
2023-05-29,Steel Scrap,1107.8,268.2,3770.7,2.6,4953.73,Public Walk-in
2023-05-30,Copper Wire,1792.1,229.5,3398.2,3.09,3228.92,Demolition Co
2023-05-31,Aluminum Cans,2150.6,42.7,2098.9,1.09,936.18,Electrician
2023-06-01,Copper Wire,4605.3,345.3,314.4,1.99,1811.36,Electrician
2023-06-02,Copper Wire,3928.8,51.3,1405.2,2.26,2096.08,Demolition Co
2023-06-03,Copper Wire,4048.8,426.9,1408.5,2.34,1506.3,Demolition Co
2023-06-04,Steel Scrap,1086.1,339.5,2713.3,2.29,1170.67,Electrician
2023-06-05,Cast Iron,276.9,326.3,1237.7,2.99,3058.48,Public Walk-in
2023-06-06,Copper Wire,4201.2,210.1,1433.9,0.74,3360.87,Electrician
2023-06-07,Steel Scrap,1278.0,159.4,2521.9,1.98,3970.08,Electrician
2023-06-08,Steel Scrap,1797.4,480.9,3780.7,2.74,1238.98,Public Walk-in
2023-06-09,Aluminum Cans,2867.4,263.5,3327.6,0.26,3393.77,Plumber
2023-06-10,Brass,4627.4,425.1,2477.3,1.29,1408.59,Demolition Co
2023-06-11,Aluminum Cans,3331.9,162.2,1619.6,1.93,1439.45,Public Walk-in
2023-06-12,Copper Wire,946.3,422.2,1061.8,2.15,614.66,Demolition Co
2023-06-13,Brass,1221.4,444.0,4168.4,2.62,1613.93,Plumber
2023-06-14,Steel Scrap,2560.0,138.0,814.7,2.8,3806.31,Plumber
2023-06-15,Brass,4131.2,43.2,2297.2,2.91,4945.4,Plumber
2023-06-16,Brass,1798.7,357.2,1354.8,1.49,1777.93,Electrician
2023-06-17,Steel Scrap,1175.7,457.4,3463.8,1.9,1519.97,Electrician
2023-06-18,Cast Iron,3993.5,209.8,3292.3,2.38,1270.04,Plumber
2023-06-19,Steel Scrap,4033.6,262.3,585.3,0.89,1158.45,Plumber
2023-06-20,Aluminum Cans,3029.8,57.7,400.7,0.99,3274.16,Public Walk-in
2023-06-21,Steel Scrap,2415.5,382.8,3331.4,0.24,3887.73,Electrician
2023-06-22,Cast Iron,3830.6,278.8,96.9,3.16,2471.85,Electrician
2023-06-23,Steel Scrap,3519.4,11.1,3138.0,2.54,3218.33,Demolition Co
2023-06-24,Copper Wire,1069.3,294.3,2192.3,0.51,2745.6,Public Walk-in
2023-06-25,Cast Iron,812.8,40.7,1549.4,0.55,2567.3,Public Walk-in
2023-06-26,Aluminum Cans,4349.7,65.5,720.8,0.45,2614.59,Plumber
2023-06-27,Steel Scrap,1569.7,313.7,4144.9,1.17,3733.0,Public Walk-in
2023-06-28,Steel Scrap,1559.7,336.4,1311.2,1.31,1175.54,Demolition Co
2023-06-29,Cast Iron,3922.6,28.9,338.8,1.24,1170.55,Plumber
2023-06-30,Steel Scrap,3793.3,480.4,3064.6,0.28,2432.74,Plumber
2023-07-01,Brass,2805.0,245.9,524.1,3.0,135.79,Demolition Co
2023-07-02,Aluminum Cans,2954.3,257.4,1427.5,0.36,1889.83,Public Walk-in
2023-07-03,Brass,723.9,250.5,519.7,0.05,3038.39,Electrician
2023-07-04,Cast Iron,770.7,331.9,2124.9,2.6,2747.03,Public Walk-in
2023-07-05,Steel Scrap,237.5,203.1,1509.1,1.24,3240.92,Public Walk-in
2023-07-06,Brass,2913.6,437.4,257.4,2.55,4495.02,Plumber
2023-07-07,Aluminum Cans,138.1,348.0,2771.0,1.52,994.82,Electrician
2023-07-08,Copper Wire,3207.1,162.9,2375.8,0.53,1830.8,Plumber
2023-07-09,Aluminum Cans,2116.3,490.4,820.4,0.69,464.18,Plumber
2023-07-10,Brass,777.4,287.1,207.2,3.14,4086.16,Plumber
2023-07-11,Steel Scrap,4783.5,261.4,1617.6,3.24,2995.5,Electrician
2023-07-12,Copper Wire,2676.8,414.0,1706.4,0.19,2845.88,Demolition Co
2023-07-13,Copper Wire,3536.5,281.6,4078.9,0.25,3348.92,Electrician
2023-07-14,Steel Scrap,116.6,134.1,1622.4,1.06,2352.98,Electrician
2023-07-15,Brass,207.4,183.7,2457.8,0.8,1326.28,Electrician
2023-07-16,Brass,2504.2,423.5,2371.0,3.04,4733.81,Electrician
2023-07-17,Steel Scrap,3272.1,199.5,3727.0,0.76,1830.89,Plumber
2023-07-18,Steel Scrap,216.0,54.5,1381.9,3.1,2931.8,Electrician
2023-07-19,Steel Scrap,2740.4,284.6,158.0,2.99,867.94,Demolition Co
2023-07-20,Steel Scrap,4396.5,36.2,2978.8,1.46,275.53,Electrician
2023-07-21,Steel Scrap,2922.2,36.1,3257.7,1.95,2568.64,Electrician
2023-07-22,Cast Iron,3067.4,429.6,794.5,2.51,2070.5,Public Walk-in
2023-07-23,Brass,1733.1,105.4,890.4,0.2,1693.94,Demolition Co
2023-07-24,Aluminum Cans,1058.6,7.0,4418.8,2.27,1931.36,Public Walk-in
2023-07-25,Steel Scrap,854.4,241.0,4197.8,1.91,4093.97,Plumber
2023-07-26,Aluminum Cans,3394.8,44.4,2707.0,2.46,4281.96,Public Walk-in
2023-07-27,Brass,3775.6,479.4,3638.4,0.14,3585.55,Public Walk-in
2023-07-28,Cast Iron,3243.1,196.7,165.6,3.35,3085.17,Public Walk-in
2023-07-29,Copper Wire,877.2,264.6,3340.6,3.25,4011.85,Plumber
2023-07-30,Copper Wire,2864.5,274.2,2471.9,0.9,3485.45,Demolition Co
2023-07-31,Cast Iron,3581.9,376.6,2813.2,0.15,1743.43,Electrician
2023-08-01,Steel Scrap,3699.9,253.8,2202.3,0.35,2673.81,Public Walk-in
2023-08-02,Steel Scrap,3791.3,352.7,326.0,1.32,3332.72,Public Walk-in
2023-08-03,Aluminum Cans,3480.9,39.9,2179.6,2.56,1821.97,Plumber
2023-08-04,Cast Iron,417.2,138.3,3181.7,0.06,3521.38,Demolition Co
2023-08-05,Brass,4965.9,237.3,3089.0,1.47,4307.39,Plumber
2023-08-06,Copper Wire,4587.2,223.5,1273.5,1.11,293.11,Plumber
2023-08-07,Cast Iron,2446.4,96.1,1337.8,0.47,4554.87,Plumber
2023-08-08,Cast Iron,1719.5,262.1,671.6,3.46,1120.39,Electrician
2023-08-09,Brass,237.1,33.8,754.3,1.9,527.09,Public Walk-in
2023-08-10,Aluminum Cans,1355.6,83.3,1419.1,2.47,2351.4,Public Walk-in
2023-08-11,Aluminum Cans,1652.2,0.5,2691.3,1.88,1981.96,Plumber
2023-08-12,Steel Scrap,3105.1,214.5,2111.9,1.86,1601.86,Plumber
2023-08-13,Steel Scrap,3293.8,107.5,53.7,3.36,2643.44,Demolition Co
2023-08-14,Aluminum Cans,3725.8,222.8,2964.5,3.04,2754.94,Demolition Co
2023-08-15,Brass,4637.6,335.7,1023.7,0.62,3858.75,Public Walk-in
2023-08-16,Brass,4939.5,90.8,774.5,0.28,882.42,Demolition Co
2023-08-17,Brass,1295.4,374.3,4244.0,0.55,4137.19,Plumber
2023-08-18,Aluminum Cans,4661.8,58.0,2117.3,1.68,894.3,Plumber
2023-08-19,Cast Iron,2935.4,227.3,3301.2,1.46,1701.82,Plumber
2023-08-20,Aluminum Cans,1509.5,314.6,3232.7,1.49,3864.28,Demolition Co
2023-08-21,Aluminum Cans,4439.6,214.8,212.3,3.22,4052.31,Plumber
2023-08-22,Copper Wire,2358.9,328.5,4454.1,2.05,1403.79,Demolition Co
2023-08-23,Copper Wire,720.4,214.4,3354.7,2.41,1803.71,Electrician
2023-08-24,Steel Scrap,4099.0,295.6,4299.7,1.16,835.17,Electrician
2023-08-25,Steel Scrap,2258.1,208.7,1246.5,2.47,869.75,Public Walk-in
2023-08-26,Steel Scrap,4401.8,29.3,278.0,0.87,4474.54,Plumber
2023-08-27,Brass,2902.7,196.1,1044.5,3.2,570.72,Demolition Co
2023-08-28,Aluminum Cans,609.6,73.0,1045.4,1.29,3599.77,Plumber
2023-08-29,Aluminum Cans,66.8,368.6,371.0,2.76,1124.45,Plumber
2023-08-30,Steel Scrap,4243.8,463.1,2863.9,2.75,2391.61,Public Walk-in
2023-08-31,Cast Iron,3473.2,220.0,1373.2,1.06,4059.92,Electrician
2023-09-01,Aluminum Cans,3353.6,361.6,4335.7,1.6,539.49,Plumber
2023-09-02,Steel Scrap,246.2,288.8,2099.9,1.75,958.14,Public Walk-in
2023-09-03,Copper Wire,4897.6,466.8,4393.1,2.48,1424.34,Electrician
2023-09-04,Aluminum Cans,1161.7,307.9,4369.8,0.74,4229.59,Plumber
2023-09-05,Copper Wire,4319.8,23.0,3760.2,3.47,2738.53,Public Walk-in
2023-09-06,Brass,4833.7,454.9,220.2,0.15,2435.94,Electrician
2023-09-07,Cast Iron,2045.5,380.0,729.6,3.32,3513.33,Electrician
2023-09-08,Cast Iron,4212.8,58.6,2726.1,2.15,452.9,Demolition Co
2023-09-09,Aluminum Cans,3955.9,100.0,2127.2,2.91,1273.86,Demolition Co
2023-09-10,Brass,1131.2,466.7,132.4,1.36,485.33,Public Walk-in
2023-09-11,Steel Scrap,3236.2,64.9,3870.1,0.94,2815.94,Demolition Co
2023-09-12,Aluminum Cans,4537.6,229.3,3945.4,1.18,3566.92,Plumber
2023-09-13,Brass,2583.2,489.7,3129.4,3.27,2021.8,Plumber
2023-09-14,Copper Wire,497.1,291.1,3875.5,0.22,4560.0,Public Walk-in
2023-09-15,Aluminum Cans,986.0,262.7,2158.3,0.38,1448.22,Public Walk-in
2023-09-16,Cast Iron,115.1,480.6,3002.8,1.64,4489.96,Electrician
2023-09-17,Copper Wire,4954.2,461.3,3384.6,2.39,1435.15,Plumber
2023-09-18,Brass,1339.2,395.9,1010.7,3.04,3698.22,Plumber
2023-09-19,Cast Iron,2078.0,496.1,614.3,2.66,1483.49,Plumber
2023-09-20,Aluminum Cans,1549.1,178.3,3355.5,3.45,1732.83,Plumber
2023-09-21,Steel Scrap,3096.9,471.4,2837.7,1.94,3486.76,Demolition Co
2023-09-22,Steel Scrap,200.7,281.0,474.8,2.03,295.48,Demolition Co
2023-09-23,Copper Wire,2670.4,250.9,880.1,3.4,3996.49,Plumber
2023-09-24,Brass,4304.8,233.3,1047.1,1.92,1175.53,Electrician
2023-09-25,Brass,1416.9,173.7,256.2,1.18,294.38,Plumber
2023-09-26,Steel Scrap,1048.7,296.9,3635.6,1.3,3610.54,Electrician
2023-09-27,Aluminum Cans,2865.7,491.4,760.5,3.28,4197.07,Electrician
2023-09-28,Aluminum Cans,2091.4,81.6,3951.4,0.79,1514.05,Plumber
2023-09-29,Cast Iron,1944.7,231.7,1967.1,0.68,617.64,Public Walk-in
2023-09-30,Brass,4332.0,27.0,3302.1,3.42,4859.82,Plumber
2023-10-01,Aluminum Cans,1895.8,89.4,2527.0,3.47,3201.85,Electrician
2023-10-02,Copper Wire,258.8,35.7,1606.8,3.49,4187.43,Electrician
2023-10-03,Copper Wire,795.8,215.7,1095.8,1.81,1328.95,Demolition Co
2023-10-04,Brass,1633.4,131.7,366.5,1.93,952.5,Electrician
2023-10-05,Cast Iron,3502.7,465.6,1675.3,2.36,3603.63,Public Walk-in
2023-10-06,Steel Scrap,3971.3,353.0,1196.7,2.52,929.73,Plumber
2023-10-07,Aluminum Cans,4764.8,257.3,3778.5,0.78,3267.87,Plumber
2023-10-08,Aluminum Cans,4167.6,465.3,554.2,2.68,2415.28,Demolition Co
2023-10-09,Copper Wire,2579.4,450.6,3096.7,3.41,3420.92,Electrician
2023-10-10,Aluminum Cans,425.4,300.0,486.5,2.29,119.66,Demolition Co
2023-10-11,Brass,559.1,253.1,2995.8,0.6,4878.41,Public Walk-in
2023-10-12,Aluminum Cans,1483.3,27.8,3579.2,0.48,2256.55,Public Walk-in
2023-10-13,Cast Iron,1800.3,375.6,745.2,1.88,4491.39,Electrician
2023-10-14,Brass,2964.7,261.9,1025.1,1.7,2919.78,Demolition Co
2023-10-15,Brass,1987.6,472.3,1110.3,3.37,242.67,Electrician
2023-10-16,Steel Scrap,3783.9,421.9,3037.0,1.26,3993.25,Public Walk-in
2023-10-17,Copper Wire,4490.5,319.0,3566.0,2.35,2651.08,Public Walk-in
2023-10-18,Steel Scrap,4977.0,193.2,215.7,0.52,3962.46,Demolition Co
2023-10-19,Aluminum Cans,761.0,394.8,873.7,2.64,2067.56,Public Walk-in
2023-10-20,Copper Wire,3029.0,186.7,224.4,0.17,2475.82,Electrician
2023-10-21,Aluminum Cans,4218.9,57.8,1406.2,3.4,195.85,Public Walk-in
2023-10-22,Aluminum Cans,4640.3,68.9,2455.3,2.09,4674.8,Electrician
2023-10-23,Steel Scrap,4434.8,125.5,1436.6,0.58,3395.14,Demolition Co
2023-10-24,Copper Wire,3873.3,312.9,3801.5,0.15,819.68,Electrician
2023-10-25,Cast Iron,945.7,113.3,3013.1,1.31,2276.88,Plumber
2023-10-26,Brass,1115.7,296.4,600.8,2.4,4923.38,Public Walk-in
2023-10-27,Cast Iron,3826.2,204.5,4179.2,1.43,2367.86,Public Walk-in
2023-10-28,Cast Iron,3144.6,61.5,693.7,2.51,331.52,Electrician
2023-10-29,Steel Scrap,2721.9,361.0,1380.6,3.35,2558.86,Demolition Co
2023-10-30,Aluminum Cans,3921.3,299.9,692.1,0.16,3756.53,Plumber
2023-10-31,Brass,3300.9,460.2,976.0,0.8,3219.38,Plumber
2023-11-01,Steel Scrap,3213.5,97.1,3064.9,0.83,1659.1,Electrician
2023-11-02,Aluminum Cans,3715.0,401.8,1255.1,0.62,3079.98,Public Walk-in
2023-11-03,Cast Iron,3882.3,355.2,3585.1,1.6,4732.38,Public Walk-in
2023-11-04,Steel Scrap,4820.0,265.9,2760.8,0.67,135.99,Electrician
2023-11-05,Copper Wire,1822.1,463.0,3939.5,2.23,4953.67,Public Walk-in
2023-11-06,Steel Scrap,2343.9,119.6,113.0,1.47,990.03,Plumber
2023-11-07,Steel Scrap,4331.3,419.2,3167.1,2.08,2836.89,Demolition Co
2023-11-08,Steel Scrap,4213.9,459.9,2420.4,0.28,159.66,Electrician
2023-11-09,Copper Wire,237.3,101.8,4244.0,0.47,2807.0,Demolition Co
2023-11-10,Brass,3021.4,368.2,2684.0,2.88,3147.94,Public Walk-in
2023-11-11,Copper Wire,3943.3,178.0,4086.5,0.49,1688.88,Demolition Co
2023-11-12,Cast Iron,2015.9,221.3,4362.3,0.41,1993.24,Electrician
2023-11-13,Brass,3882.8,11.1,2420.8,2.84,4293.03,Public Walk-in
2023-11-14,Brass,4576.9,85.4,1586.0,1.04,3115.27,Plumber
2023-11-15,Copper Wire,1273.5,76.6,2996.4,2.57,1136.17,Demolition Co
2023-11-16,Steel Scrap,3777.0,385.8,4165.6,2.96,2302.25,Plumber
2023-11-17,Steel Scrap,3716.9,196.3,2794.5,2.39,3236.78,Demolition Co
2023-11-18,Copper Wire,4715.4,221.6,2266.0,1.34,1329.18,Plumber
2023-11-19,Brass,901.3,24.5,529.7,0.66,4040.67,Public Walk-in
2023-11-20,Aluminum Cans,4997.0,219.6,2401.5,2.39,1152.3,Electrician
2023-11-21,Copper Wire,3430.6,345.2,576.8,1.62,4469.01,Public Walk-in
2023-11-22,Cast Iron,2967.9,324.2,3566.4,0.62,4166.85,Electrician
2023-11-23,Copper Wire,2530.7,97.1,4153.1,1.22,319.01,Plumber
2023-11-24,Steel Scrap,113.5,328.0,504.3,3.05,4374.85,Plumber
2023-11-25,Brass,4507.1,60.8,1761.1,2.36,4334.28,Demolition Co
2023-11-26,Copper Wire,1871.2,313.5,3279.8,1.31,606.8,Electrician
2023-11-27,Aluminum Cans,1345.8,236.8,1079.0,1.5,4430.44,Electrician
2023-11-28,Copper Wire,2921.5,384.5,821.4,2.67,2639.84,Demolition Co
2023-11-29,Cast Iron,3591.8,130.6,1882.0,0.61,3666.66,Electrician
2023-11-30,Copper Wire,172.3,315.9,1878.6,3.4,1458.91,Public Walk-in
2023-12-01,Brass,2325.9,428.5,4427.7,2.88,2592.66,Demolition Co
2023-12-02,Steel Scrap,3883.0,13.9,4038.8,1.8,4448.7,Public Walk-in
2023-12-03,Aluminum Cans,832.2,75.2,394.5,1.97,1530.1,Electrician
2023-12-04,Cast Iron,528.7,362.9,2168.7,3.3,1876.1,Electrician
2023-12-05,Aluminum Cans,4422.3,266.4,1572.1,3.33,4629.14,Electrician
2023-12-06,Cast Iron,1282.6,488.9,2965.9,2.5,4099.65,Demolition Co
2023-12-07,Cast Iron,2020.7,75.4,1167.4,2.04,4759.8,Demolition Co
2023-12-08,Aluminum Cans,3261.6,37.7,1896.8,1.84,920.29,Demolition Co
2023-12-09,Aluminum Cans,2277.4,318.7,429.9,1.86,4651.28,Public Walk-in
2023-12-10,Brass,1927.2,316.7,798.1,1.51,1660.76,Public Walk-in
2023-12-11,Aluminum Cans,163.0,399.7,767.3,2.53,4629.57,Plumber
2023-12-12,Cast Iron,4948.4,427.2,4489.0,2.06,4695.0,Electrician
2023-12-13,Cast Iron,807.7,454.2,261.9,2.66,4291.19,Plumber
2023-12-14,Cast Iron,4694.2,403.8,2246.7,1.6,3065.06,Demolition Co
2023-12-15,Brass,4960.9,166.1,3680.2,2.76,1183.3,Plumber
2023-12-16,Copper Wire,4586.3,67.0,2683.3,1.36,108.96,Public Walk-in
2023-12-17,Brass,1417.9,476.4,994.1,0.98,2708.26,Plumber
2023-12-18,Aluminum Cans,3392.3,109.0,2652.9,2.02,2310.48,Electrician
2023-12-19,Brass,1254.4,116.4,3781.1,2.04,2401.7,Plumber
2023-12-20,Aluminum Cans,748.0,420.4,1567.1,1.56,2410.09,Public Walk-in
2023-12-21,Aluminum Cans,1580.9,12.8,204.4,1.49,1023.99,Demolition Co
2023-12-22,Aluminum Cans,4677.1,87.3,1538.6,1.94,3696.32,Demolition Co
2023-12-23,Cast Iron,1423.5,418.5,2892.0,2.57,2675.72,Public Walk-in
2023-12-24,Steel Scrap,2162.4,157.1,3733.2,1.03,221.86,Plumber
2023-12-25,Brass,2457.9,345.8,303.6,1.24,2225.23,Demolition Co
2023-12-26,Brass,859.1,460.5,902.0,2.54,1724.53,Public Walk-in
2023-12-27,Brass,209.4,312.6,3127.0,1.11,2654.1,Plumber
2023-12-28,Steel Scrap,3998.5,59.6,1953.6,2.34,3088.88,Electrician
2023-12-29,Aluminum Cans,718.6,190.0,1188.2,3.42,810.1,Electrician
2023-12-30,Copper Wire,3348.6,371.7,2944.1,2.97,2094.94,Plumber
2023-12-31,Cast Iron,709.5,337.1,2782.4,1.19,3524.69,Electrician
2024-01-01,Cast Iron,4119.5,30.2,1009.3,2.74,665.95,Public Walk-in
2024-01-02,Cast Iron,2241.5,235.6,4359.2,2.53,4337.49,Public Walk-in
2024-01-03,Copper Wire,2358.4,286.5,4488.7,1.87,4922.77,Electrician
2024-01-04,Copper Wire,4408.4,304.2,2151.1,1.08,1599.8,Electrician
2024-01-05,Copper Wire,932.1,149.4,2195.7,1.46,3802.73,Plumber
2024-01-06,Steel Scrap,1547.1,397.2,1073.8,0.05,1412.97,Plumber
2024-01-07,Copper Wire,3140.1,472.4,1887.6,3.45,3355.8,Public Walk-in
2024-01-08,Brass,2010.4,352.6,1868.9,3.15,258.91,Plumber
2024-01-09,Copper Wire,3160.3,437.4,1258.0,0.24,3325.16,Public Walk-in
2024-01-10,Steel Scrap,4545.3,115.2,2310.5,3.34,3958.54,Demolition Co
2024-01-11,Brass,3321.7,415.9,461.3,0.56,3168.27,Electrician
2024-01-12,Copper Wire,1641.4,352.8,1025.8,3.2,799.0,Plumber
2024-01-13,Brass,2205.7,22.3,3864.4,0.65,3103.07,Demolition Co
2024-01-14,Steel Scrap,1490.7,105.8,3636.9,0.07,651.29,Public Walk-in
2024-01-15,Copper Wire,878.8,90.7,1662.1,1.42,4394.02,Public Walk-in
2024-01-16,Steel Scrap,496.8,59.2,409.9,0.65,4529.48,Plumber
2024-01-17,Steel Scrap,3298.5,444.3,344.3,0.48,2114.9,Demolition Co
2024-01-18,Brass,3391.4,372.0,2056.5,0.13,1228.03,Public Walk-in
2024-01-19,Copper Wire,855.6,493.4,143.9,0.08,4771.69,Public Walk-in
2024-01-20,Copper Wire,2997.8,272.9,2034.0,2.67,1726.77,Electrician
2024-01-21,Aluminum Cans,1721.8,177.3,1737.3,0.57,834.7,Demolition Co
2024-01-22,Copper Wire,794.7,280.7,3481.7,2.84,3137.96,Public Walk-in
2024-01-23,Steel Scrap,870.6,254.1,1921.5,2.23,4334.79,Electrician
2024-01-24,Steel Scrap,2945.4,461.7,1797.1,0.32,2991.1,Electrician
2024-01-25,Steel Scrap,2872.2,288.3,1193.8,0.45,3027.71,Plumber
2024-01-26,Aluminum Cans,1495.7,451.0,2167.4,3.21,2174.4,Public Walk-in
2024-01-27,Brass,2500.1,395.6,1011.4,3.49,3875.37,Electrician
2024-01-28,Aluminum Cans,51.8,284.1,1573.1,1.72,3570.55,Demolition Co
2024-01-29,Steel Scrap,333.3,373.9,725.5,1.96,45.51,Plumber
2024-01-30,Aluminum Cans,3765.7,277.8,730.3,1.2,1625.09,Public Walk-in
2024-01-31,Cast Iron,4975.8,61.4,1215.3,1.11,3130.68,Demolition Co
2024-02-01,Cast Iron,2920.1,281.1,3824.0,0.51,2318.23,Public Walk-in
2024-02-02,Aluminum Cans,2212.9,117.3,3869.3,3.16,4361.94,Electrician
2024-02-03,Aluminum Cans,2962.0,230.6,3113.5,2.74,1960.26,Plumber
2024-02-04,Cast Iron,4793.5,68.6,2076.5,1.59,1531.93,Demolition Co
2024-02-05,Steel Scrap,316.1,177.2,1596.4,2.44,333.74,Electrician
2024-02-06,Cast Iron,4190.7,485.0,1217.0,1.57,1256.49,Demolition Co
2024-02-07,Cast Iron,4111.0,159.1,3619.4,0.68,1377.3,Electrician
2024-02-08,Brass,1609.7,180.9,2068.1,0.09,798.58,Demolition Co
2024-02-09,Steel Scrap,4026.1,300.9,1830.5,1.95,1110.01,Electrician
2024-02-10,Aluminum Cans,145.6,320.7,4336.5,0.79,4498.54,Demolition Co
2024-02-11,Steel Scrap,698.8,145.6,898.1,1.64,3566.09,Plumber
2024-02-12,Aluminum Cans,699.4,153.7,1828.4,1.48,31.34,Plumber
2024-02-13,Cast Iron,760.1,95.6,4093.0,2.92,3762.62,Electrician
2024-02-14,Brass,1915.8,354.2,631.4,1.73,1820.74,Electrician
2024-02-15,Aluminum Cans,764.8,270.3,1302.1,2.34,1818.15,Electrician
2024-02-16,Cast Iron,2122.6,24.2,4490.6,3.27,2095.4,Plumber
2024-02-17,Aluminum Cans,1793.9,276.0,2524.7,0.65,3797.94,Demolition Co
2024-02-18,Brass,4743.6,64.9,3513.6,3.43,2743.3,Electrician
2024-02-19,Copper Wire,316.0,197.2,147.0,0.75,2313.15,Plumber
2024-02-20,Brass,234.1,175.0,3083.1,2.69,132.75,Public Walk-in
2024-02-21,Brass,710.9,40.3,2897.8,2.06,2929.09,Plumber
2024-02-22,Cast Iron,4203.8,166.8,3179.2,2.63,3603.44,Plumber
2024-02-23,Copper Wire,3197.7,5.0,4343.3,2.65,2959.49,Plumber
2024-02-24,Brass,3049.3,18.2,3192.2,2.31,3327.7,Electrician
2024-02-25,Cast Iron,2919.0,250.4,3981.6,0.68,300.5,Electrician
2024-02-26,Cast Iron,267.6,497.3,2080.1,0.48,679.12,Electrician
2024-02-27,Brass,2764.5,165.3,350.1,3.39,447.44,Demolition Co
2024-02-28,Copper Wire,1875.0,367.6,3828.2,3.04,835.69,Electrician
2024-02-29,Brass,634.5,442.8,3021.0,2.18,4158.49,Plumber
2024-03-01,Steel Scrap,3015.8,469.8,3106.8,0.14,2753.26,Public Walk-in
2024-03-02,Aluminum Cans,1800.3,53.2,577.1,0.61,782.42,Public Walk-in
2024-03-03,Cast Iron,2464.4,302.8,3973.7,2.7,844.85,Public Walk-in
2024-03-04,Brass,1127.9,217.2,2425.4,2.99,1011.05,Demolition Co
2024-03-05,Aluminum Cans,251.8,189.2,130.4,2.83,1633.1,Demolition Co
2024-03-06,Steel Scrap,1196.2,413.1,3794.3,3.25,1015.78,Public Walk-in
2024-03-07,Copper Wire,479.2,482.3,3820.8,1.67,550.14,Plumber
2024-03-08,Aluminum Cans,3156.3,22.1,2800.7,0.06,113.41,Public Walk-in
2024-03-09,Copper Wire,2675.9,122.4,1200.3,2.65,798.64,Plumber
2024-03-10,Copper Wire,4264.1,471.3,3916.1,0.36,303.43,Demolition Co
2024-03-11,Cast Iron,900.8,337.4,2164.6,3.4,3946.13,Public Walk-in
2024-03-12,Steel Scrap,4896.7,393.9,2679.0,1.72,1672.62,Plumber
2024-03-13,Aluminum Cans,2081.5,285.5,4063.3,2.96,4642.85,Electrician
2024-03-14,Brass,2508.4,402.1,2212.1,1.76,1454.37,Electrician
2024-03-15,Cast Iron,1432.8,202.8,3449.5,1.02,2795.06,Demolition Co
2024-03-16,Copper Wire,3738.4,15.3,1472.3,1.21,3196.37,Plumber
2024-03-17,Copper Wire,4163.1,448.0,3217.7,1.29,3019.18,Plumber
2024-03-18,Brass,1129.1,333.3,203.8,2.24,2092.75,Public Walk-in
2024-03-19,Copper Wire,1188.9,185.6,4495.9,0.33,3348.17,Public Walk-in
2024-03-20,Copper Wire,4784.3,175.6,856.2,0.59,3114.08,Electrician
2024-03-21,Aluminum Cans,428.4,326.7,2992.4,1.95,2503.99,Public Walk-in
2024-03-22,Steel Scrap,1503.4,305.9,3854.3,0.69,4394.23,Public Walk-in
2024-03-23,Cast Iron,2552.4,381.4,1229.1,3.13,1808.75,Public Walk-in
2024-03-24,Copper Wire,4384.2,265.3,3866.4,3.38,2094.82,Plumber
2024-03-25,Brass,856.6,450.7,2870.3,0.34,4685.36,Public Walk-in
2024-03-26,Steel Scrap,1831.7,311.9,1295.3,0.91,61.51,Demolition Co
2024-03-27,Aluminum Cans,1815.8,145.8,1482.7,3.21,2012.25,Plumber
2024-03-28,Brass,2703.9,316.0,4255.2,1.83,2780.74,Plumber
2024-03-29,Aluminum Cans,3492.9,460.0,4174.6,0.17,2112.59,Electrician
2024-03-30,Aluminum Cans,1416.0,51.2,3738.4,0.85,3234.34,Public Walk-in
2024-03-31,Cast Iron,4216.5,499.8,3402.2,2.72,1609.0,Electrician
2024-04-01,Brass,4848.8,8.0,2463.9,2.65,2769.57,Plumber
2024-04-02,Brass,1652.5,125.3,193.8,2.31,4421.63,Electrician
2024-04-03,Copper Wire,468.1,248.9,2777.0,1.27,2090.59,Electrician
2024-04-04,Cast Iron,4720.6,157.2,1040.2,2.84,397.45,Electrician
2024-04-05,Steel Scrap,4142.1,14.4,3329.9,2.77,2793.2,Plumber
2024-04-06,Aluminum Cans,1196.1,431.1,4184.4,2.08,2412.07,Demolition Co
2024-04-07,Cast Iron,398.8,348.4,1643.7,2.19,3519.43,Electrician
2024-04-08,Brass,4791.4,288.9,3564.1,2.27,32.81,Plumber
2024-04-09,Copper Wire,152.9,306.1,106.4,3.15,4199.83,Plumber
2024-04-10,Brass,1222.6,463.5,651.7,0.66,1212.08,Plumber
2024-04-11,Cast Iron,2018.6,275.5,2139.0,1.17,2326.14,Public Walk-in
2024-04-12,Copper Wire,694.5,342.8,1130.2,0.7,599.55,Demolition Co
2024-04-13,Brass,4644.3,122.5,223.7,1.04,1147.22,Public Walk-in
2024-04-14,Cast Iron,3883.2,306.1,3393.1,0.98,1284.48,Plumber
2024-04-15,Cast Iron,1913.9,304.5,597.6,2.69,3430.47,Public Walk-in
2024-04-16,Aluminum Cans,3871.0,477.7,2256.3,1.07,2686.06,Plumber
2024-04-17,Cast Iron,4887.4,329.7,1657.3,3.42,4824.09,Electrician
2024-04-18,Copper Wire,3833.6,354.8,2194.4,1.78,2540.78,Plumber
2024-04-19,Brass,2851.1,109.3,806.9,1.82,2265.99,Plumber
2024-04-20,Brass,771.5,76.0,2142.6,2.47,4057.6,Plumber
2024-04-21,Copper Wire,1517.4,309.7,1747.9,3.47,4463.84,Plumber
2024-04-22,Steel Scrap,3106.3,334.2,1497.3,3.04,826.12,Demolition Co
2024-04-23,Cast Iron,163.4,66.4,2453.9,0.36,2778.32,Demolition Co
2024-04-24,Cast Iron,4766.1,169.8,3044.4,0.42,2146.03,Electrician
2024-04-25,Aluminum Cans,2572.7,262.3,2692.5,3.4,1257.4,Plumber
2024-04-26,Cast Iron,2565.0,181.9,3251.0,1.82,109.36,Public Walk-in
2024-04-27,Brass,2196.1,227.4,1040.7,2.16,255.87,Plumber
2024-04-28,Copper Wire,827.3,125.3,1984.4,0.39,4603.49,Plumber
2024-04-29,Steel Scrap,4426.3,56.8,3729.2,1.71,4869.54,Plumber
2024-04-30,Copper Wire,296.8,255.0,680.2,0.49,55.85,Electrician
2024-05-01,Aluminum Cans,1885.0,437.7,2804.0,2.04,581.9,Plumber
2024-05-02,Cast Iron,3771.7,171.7,3615.0,2.87,97.19,Electrician
2024-05-03,Aluminum Cans,124.0,114.7,519.9,1.69,504.28,Electrician
2024-05-04,Copper Wire,461.0,415.1,3281.6,2.58,1615.81,Electrician
2024-05-05,Brass,532.5,494.8,2173.1,2.33,2208.05,Public Walk-in
2024-05-06,Cast Iron,792.7,159.6,3613.6,0.57,4283.77,Plumber
2024-05-07,Cast Iron,3267.1,429.8,2626.6,2.54,452.43,Demolition Co
2024-05-08,Cast Iron,3496.8,88.3,3307.4,1.09,4024.75,Electrician
2024-05-09,Aluminum Cans,2268.6,483.9,3950.6,2.29,4505.69,Demolition Co
2024-05-10,Aluminum Cans,3615.7,444.8,1632.6,1.25,4977.78,Electrician
2024-05-11,Copper Wire,4139.0,288.4,2980.2,1.75,3983.32,Plumber
2024-05-12,Aluminum Cans,2823.5,75.4,2554.1,0.44,1654.63,Demolition Co
2024-05-13,Steel Scrap,1053.0,423.7,2072.3,2.79,2837.0,Plumber
2024-05-14,Copper Wire,4863.1,58.1,202.5,0.14,4602.8,Public Walk-in
2024-05-15,Steel Scrap,4546.0,485.2,174.8,1.94,3166.27,Demolition Co
2024-05-16,Aluminum Cans,1454.9,434.5,2894.1,3.02,726.67,Demolition Co
2024-05-17,Steel Scrap,2848.6,378.7,2377.8,3.0,4601.04,Public Walk-in
2024-05-18,Cast Iron,543.9,268.2,4092.1,1.75,3196.51,Demolition Co
2024-05-19,Cast Iron,2199.9,366.6,4148.2,2.05,3238.35,Public Walk-in
2024-05-20,Brass,2138.2,49.4,388.8,2.06,4558.79,Demolition Co
2024-05-21,Aluminum Cans,4225.5,360.0,4167.6,3.44,210.23,Demolition Co
2024-05-22,Copper Wire,4829.5,451.5,2542.7,0.82,1950.34,Demolition Co
2024-05-23,Aluminum Cans,2258.1,379.0,353.9,0.98,4017.71,Public Walk-in
2024-05-24,Aluminum Cans,2289.1,356.9,2797.8,2.03,2433.81,Plumber
2024-05-25,Aluminum Cans,1818.4,415.2,1448.2,3.46,4239.16,Public Walk-in
2024-05-26,Cast Iron,110.9,12.5,4251.4,0.47,1348.28,Plumber
2024-05-27,Aluminum Cans,4195.3,462.5,968.3,0.66,1072.09,Public Walk-in
2024-05-28,Aluminum Cans,4041.3,458.3,172.3,1.66,1049.83,Plumber
2024-05-29,Cast Iron,1717.8,252.2,3767.1,2.95,2790.85,Plumber
2024-05-30,Copper Wire,307.1,167.5,2764.4,2.95,1404.1,Demolition Co
2024-05-31,Cast Iron,1003.1,346.1,2129.0,0.44,85.03,Public Walk-in
2024-06-01,Copper Wire,3184.1,264.0,3860.4,2.39,227.06,Plumber
2024-06-02,Aluminum Cans,4351.4,177.8,2280.0,1.03,310.58,Electrician
2024-06-03,Aluminum Cans,462.1,323.5,1670.9,0.84,3452.81,Demolition Co
2024-06-04,Copper Wire,1242.7,181.4,529.6,1.49,3476.33,Public Walk-in
2024-06-05,Aluminum Cans,1861.1,382.8,832.4,2.47,2163.42,Public Walk-in
2024-06-06,Brass,936.6,283.6,1206.9,1.29,3611.23,Electrician
2024-06-07,Copper Wire,1467.5,181.1,3888.6,3.29,1433.36,Plumber
2024-06-08,Aluminum Cans,73.7,42.8,1958.2,0.97,3692.65,Plumber
2024-06-09,Steel Scrap,3285.5,464.1,319.1,0.14,702.79,Electrician
2024-06-10,Cast Iron,3675.2,460.6,2212.5,1.5,3822.38,Demolition Co
2024-06-11,Aluminum Cans,645.6,391.6,2562.9,1.49,391.03,Demolition Co
2024-06-12,Steel Scrap,213.3,160.9,2766.8,2.12,567.09,Electrician
2024-06-13,Steel Scrap,4650.3,109.7,931.9,2.16,4167.28,Plumber
2024-06-14,Steel Scrap,4886.2,76.7,1172.4,3.41,1042.27,Plumber
2024-06-15,Steel Scrap,4579.0,140.4,1743.7,1.45,3538.46,Plumber
2024-06-16,Aluminum Cans,2465.0,197.0,4406.8,2.99,2373.56,Public Walk-in
2024-06-17,Copper Wire,3750.9,423.7,4241.8,0.68,2463.47,Plumber
2024-06-18,Brass,3919.8,292.4,3045.7,3.38,2284.4,Public Walk-in
2024-06-19,Aluminum Cans,4711.0,66.2,1942.9,1.92,116.27,Public Walk-in
2024-06-20,Aluminum Cans,2337.7,362.1,1863.3,2.18,3836.2,Plumber
2024-06-21,Copper Wire,429.6,8.6,458.8,3.31,660.22,Public Walk-in
2024-06-22,Brass,3078.9,12.8,3890.7,2.01,4072.7,Electrician
2024-06-23,Aluminum Cans,3480.0,249.2,4363.8,1.04,2748.97,Electrician
2024-06-24,Steel Scrap,3671.5,477.5,2732.4,1.63,146.49,Public Walk-in
2024-06-25,Aluminum Cans,4707.2,335.5,1240.1,0.55,1132.11,Demolition Co
2024-06-26,Steel Scrap,4258.8,481.3,4326.4,0.57,3225.96,Electrician
2024-06-27,Copper Wire,689.8,408.1,1073.9,1.14,1417.1,Public Walk-in
2024-06-28,Steel Scrap,3542.6,114.0,2659.5,1.94,4225.12,Plumber
2024-06-29,Cast Iron,4883.8,126.2,3471.6,1.77,3241.62,Electrician
2024-06-30,Aluminum Cans,4339.0,289.1,2533.1,0.51,624.87,Demolition Co
2024-07-01,Cast Iron,417.6,169.7,3369.9,2.92,4592.52,Public Walk-in
2024-07-02,Copper Wire,3964.9,392.5,3260.7,0.08,605.89,Electrician
2024-07-03,Cast Iron,4917.0,460.1,980.4,1.15,2276.01,Demolition Co
2024-07-04,Copper Wire,1646.6,20.6,1465.0,1.75,1020.39,Electrician
2024-07-05,Aluminum Cans,1503.6,383.3,2118.4,0.44,1061.12,Demolition Co
2024-07-06,Steel Scrap,1203.4,150.2,251.2,1.68,307.75,Electrician
2024-07-07,Copper Wire,1408.8,36.5,2440.3,0.34,4191.46,Plumber
2024-07-08,Brass,882.9,198.0,655.2,3.45,4422.87,Public Walk-in
2024-07-09,Cast Iron,3918.1,406.0,523.4,0.8,780.27,Public Walk-in
2024-07-10,Copper Wire,4638.7,200.2,2428.3,0.79,3530.86,Public Walk-in
2024-07-11,Copper Wire,2354.2,449.1,3296.6,1.15,2994.03,Public Walk-in
2024-07-12,Aluminum Cans,3520.3,416.7,4051.3,3.12,1537.93,Demolition Co
2024-07-13,Steel Scrap,429.0,371.0,2645.6,2.04,2774.41,Plumber
2024-07-14,Steel Scrap,446.6,303.7,4200.3,2.49,2424.13,Plumber
2024-07-15,Aluminum Cans,685.0,209.4,2265.5,2.36,3530.87,Electrician
2024-07-16,Copper Wire,1751.7,193.8,4264.5,2.71,3069.42,Public Walk-in
2024-07-17,Copper Wire,2845.4,430.9,769.9,1.09,3455.0,Public Walk-in
2024-07-18,Steel Scrap,1451.0,73.6,3841.0,0.92,739.14,Demolition Co
2024-07-19,Steel Scrap,3953.1,415.4,2511.8,1.74,2259.36,Plumber
2024-07-20,Copper Wire,2047.2,110.7,480.4,1.12,2693.53,Electrician
2024-07-21,Cast Iron,790.9,89.8,182.7,0.25,2301.36,Plumber
2024-07-22,Copper Wire,2831.3,222.5,1591.9,1.15,1575.47,Demolition Co
2024-07-23,Aluminum Cans,91.3,176.2,3694.9,2.83,2857.93,Demolition Co
2024-07-24,Copper Wire,4846.2,415.6,3697.6,0.21,553.15,Electrician
2024-07-25,Cast Iron,3795.5,62.2,2284.6,1.34,4171.48,Electrician
2024-07-26,Cast Iron,4512.0,130.5,2411.5,3.08,857.53,Public Walk-in
2024-07-27,Cast Iron,1615.1,317.1,3394.6,0.91,2800.83,Demolition Co
2024-07-28,Steel Scrap,3541.3,382.8,1706.5,0.31,4654.9,Public Walk-in
2024-07-29,Cast Iron,861.0,383.6,4152.1,1.91,3274.45,Public Walk-in
2024-07-30,Brass,491.0,373.2,2913.0,2.2,4814.14,Plumber
2024-07-31,Steel Scrap,4155.5,155.6,1776.2,1.56,55.95,Public Walk-in
2024-08-01,Brass,3764.5,201.2,2305.5,2.02,4895.58,Plumber
2024-08-02,Cast Iron,737.0,199.2,3514.3,3.04,349.69,Public Walk-in
2024-08-03,Aluminum Cans,2931.3,23.4,3229.1,0.85,708.2,Electrician
2024-08-04,Copper Wire,3638.1,394.0,2147.9,1.76,962.99,Public Walk-in
2024-08-05,Steel Scrap,4231.1,397.3,2366.5,1.67,4493.79,Plumber
2024-08-06,Copper Wire,389.3,41.9,3004.5,0.26,4224.85,Plumber
2024-08-07,Aluminum Cans,66.4,346.1,559.4,1.75,2767.75,Public Walk-in
2024-08-08,Copper Wire,2312.3,39.6,2844.1,0.86,3670.29,Electrician
2024-08-09,Aluminum Cans,695.9,240.5,2096.9,2.29,1522.16,Demolition Co
2024-08-10,Cast Iron,2402.9,144.3,3135.3,3.33,768.15,Plumber
2024-08-11,Cast Iron,2741.4,338.8,2101.1,1.73,4289.68,Demolition Co
2024-08-12,Copper Wire,2071.4,444.4,3112.5,3.32,1884.33,Public Walk-in
2024-08-13,Steel Scrap,3894.7,200.6,380.3,2.94,3057.68,Demolition Co
2024-08-14,Copper Wire,3190.5,225.3,1666.9,1.28,2304.32,Plumber
2024-08-15,Steel Scrap,4802.0,49.8,1143.9,1.61,372.52,Demolition Co
2024-08-16,Steel Scrap,834.9,464.0,536.0,1.6,4647.74,Electrician
2024-08-17,Copper Wire,2032.0,113.7,4343.3,0.81,649.69,Public Walk-in
2024-08-18,Aluminum Cans,2134.5,221.6,1114.5,0.83,2380.47,Electrician
2024-08-19,Brass,4658.1,485.2,1840.7,1.12,4277.11,Public Walk-in
2024-08-20,Aluminum Cans,1532.5,285.5,327.1,1.3,4002.63,Electrician
2024-08-21,Brass,1062.6,116.3,3613.9,2.41,1330.62,Demolition Co
2024-08-22,Copper Wire,4647.6,486.6,508.8,2.33,4779.81,Plumber
2024-08-23,Cast Iron,1341.6,92.3,3656.5,3.2,1212.59,Electrician
2024-08-24,Steel Scrap,2479.4,254.2,2247.5,2.7,372.63,Public Walk-in
2024-08-25,Steel Scrap,3633.1,344.2,3990.9,2.62,2664.44,Demolition Co
2024-08-26,Brass,4057.3,190.7,1834.0,1.06,4152.35,Plumber
2024-08-27,Steel Scrap,2988.6,79.5,459.6,3.11,1107.52,Plumber
2024-08-28,Copper Wire,3978.1,87.7,2571.1,0.25,2422.31,Demolition Co
2024-08-29,Cast Iron,2374.4,71.1,1051.5,1.77,715.11,Electrician
2024-08-30,Copper Wire,3938.5,57.2,3067.8,3.45,3784.87,Public Walk-in
2024-08-31,Steel Scrap,783.2,40.4,2195.6,0.41,75.91,Plumber
2024-09-01,Brass,60.7,140.1,3478.4,0.92,1754.08,Electrician
2024-09-02,Cast Iron,1573.1,453.1,1341.7,1.74,4967.0,Public Walk-in
2024-09-03,Steel Scrap,2536.4,116.4,1155.1,1.3,4992.12,Electrician
2024-09-04,Copper Wire,299.1,269.4,1178.8,0.75,4815.1,Demolition Co
2024-09-05,Aluminum Cans,460.2,155.6,4360.2,2.17,4324.45,Electrician
2024-09-06,Copper Wire,4193.0,172.2,4072.1,2.02,1012.0,Public Walk-in
2024-09-07,Brass,2487.1,301.1,3723.2,3.45,3772.82,Plumber
2024-09-08,Aluminum Cans,1630.4,59.7,4348.4,2.24,3880.65,Electrician
2024-09-09,Steel Scrap,4872.9,117.6,3618.6,1.54,3406.51,Demolition Co
2024-09-10,Copper Wire,4628.7,336.5,1711.4,2.96,2507.07,Demolition Co
2024-09-11,Cast Iron,1774.8,471.0,3721.6,2.16,430.98,Public Walk-in
2024-09-12,Aluminum Cans,2932.1,329.4,3537.8,1.21,1462.38,Plumber
2024-09-13,Aluminum Cans,2561.5,437.9,4322.8,2.11,2710.23,Public Walk-in
2024-09-14,Brass,3020.6,319.8,2636.1,2.15,4382.02,Public Walk-in
2024-09-15,Brass,4923.8,383.0,397.9,3.13,3149.25,Public Walk-in
2024-09-16,Brass,1155.0,161.7,1715.2,0.15,1584.43,Public Walk-in
2024-09-17,Cast Iron,4251.3,44.6,1896.1,0.19,2339.37,Electrician
2024-09-18,Cast Iron,2554.8,476.5,2836.1,2.48,2378.56,Demolition Co
2024-09-19,Copper Wire,2618.6,152.8,1164.9,2.11,1090.7,Public Walk-in
2024-09-20,Cast Iron,1508.7,61.7,3187.9,1.5,4934.39,Plumber
2024-09-21,Brass,4155.8,316.8,2615.5,0.5,4272.41,Public Walk-in
2024-09-22,Brass,4981.8,333.4,1052.9,0.41,1310.42,Public Walk-in
2024-09-23,Cast Iron,641.2,189.1,1550.1,2.63,4439.33,Public Walk-in
2024-09-24,Steel Scrap,4186.1,358.7,1963.1,0.51,1590.27,Demolition Co
2024-09-25,Steel Scrap,784.9,414.8,962.0,0.43,1448.42,Demolition Co
2024-09-26,Cast Iron,2791.9,412.7,4082.0,0.2,4326.23,Electrician
2024-09-27,Aluminum Cans,1470.7,484.1,1941.8,0.13,4049.04,Public Walk-in
2024-09-28,Copper Wire,1954.5,40.7,65.1,0.78,3034.86,Public Walk-in
2024-09-29,Aluminum Cans,2692.1,17.7,3811.2,2.73,4372.01,Demolition Co
2024-09-30,Cast Iron,2198.6,84.6,1766.3,0.84,859.28,Plumber
2024-10-01,Steel Scrap,1858.2,204.9,95.4,0.1,858.89,Demolition Co
2024-10-02,Cast Iron,611.6,271.6,2829.6,1.96,759.37,Electrician
2024-10-03,Copper Wire,2752.1,446.3,4467.7,3.07,2652.53,Public Walk-in
2024-10-04,Cast Iron,191.8,96.2,4346.5,3.22,1325.45,Public Walk-in
2024-10-05,Copper Wire,1942.7,326.2,3031.9,2.25,3146.36,Plumber
2024-10-06,Cast Iron,4024.7,316.4,3650.4,0.68,4653.96,Electrician
2024-10-07,Steel Scrap,2951.3,469.0,2864.8,0.63,984.32,Electrician
2024-10-08,Steel Scrap,4635.0,218.3,1987.9,0.9,3667.51,Electrician
2024-10-09,Cast Iron,2309.7,353.9,2708.2,0.35,1811.84,Plumber
2024-10-10,Brass,4989.7,40.5,1802.2,2.41,4347.38,Electrician
2024-10-11,Aluminum Cans,3387.9,75.9,3989.8,2.72,584.31,Public Walk-in
2024-10-12,Aluminum Cans,1125.0,3.3,1288.1,2.2,2025.06,Plumber
2024-10-13,Brass,3638.6,233.4,430.1,2.56,903.43,Plumber
2024-10-14,Brass,4434.2,466.2,4050.6,3.24,3574.13,Public Walk-in
2024-10-15,Aluminum Cans,2304.0,348.6,822.2,0.99,2528.95,Plumber
2024-10-16,Cast Iron,2926.6,312.4,4129.3,1.19,2315.08,Plumber
2024-10-17,Cast Iron,4679.9,240.7,4201.2,1.61,2030.27,Demolition Co
2024-10-18,Brass,1011.5,275.6,1335.2,0.05,2012.99,Plumber
2024-10-19,Brass,145.0,123.7,1562.2,1.19,3286.66,Plumber
2024-10-20,Aluminum Cans,133.7,63.7,3376.8,2.55,3602.27,Electrician
2024-10-21,Brass,884.6,228.4,713.6,1.53,1511.69,Electrician
2024-10-22,Steel Scrap,1181.5,47.6,492.5,0.58,65.09,Public Walk-in
2024-10-23,Copper Wire,2885.0,111.7,2237.9,0.11,271.85,Electrician
2024-10-24,Brass,4283.0,491.2,2620.8,3.27,4909.65,Electrician
2024-10-25,Steel Scrap,4797.5,148.7,1934.0,2.72,4542.26,Demolition Co
2024-10-26,Aluminum Cans,772.1,178.4,3284.5,2.26,3203.39,Public Walk-in
2024-10-27,Aluminum Cans,3167.0,470.5,818.3,3.05,740.32,Demolition Co
2024-10-28,Brass,2539.2,90.0,1394.9,2.33,2309.09,Public Walk-in
2024-10-29,Cast Iron,207.1,379.3,4204.4,2.95,3633.74,Electrician
2024-10-30,Steel Scrap,3942.2,437.5,1888.5,3.23,4259.33,Electrician
2024-10-31,Steel Scrap,3347.8,86.1,1956.7,1.4,755.19,Public Walk-in
2024-11-01,Cast Iron,3727.5,169.2,1193.1,3.21,4128.42,Demolition Co
2024-11-02,Aluminum Cans,3121.1,244.7,2751.6,0.09,4200.57,Electrician
2024-11-03,Brass,2711.9,27.5,2895.3,2.81,1148.61,Electrician
2024-11-04,Cast Iron,787.0,464.6,1656.2,0.23,3941.96,Plumber
2024-11-05,Steel Scrap,3077.3,31.0,659.5,0.59,2574.85,Plumber
2024-11-06,Copper Wire,3041.8,38.1,682.3,2.32,4922.61,Electrician
2024-11-07,Copper Wire,4066.0,277.8,2601.3,2.05,2009.86,Electrician
2024-11-08,Aluminum Cans,3531.7,147.1,311.7,1.13,2693.47,Public Walk-in
2024-11-09,Copper Wire,2995.2,157.5,2677.6,3.25,1879.2,Electrician
2024-11-10,Brass,515.4,219.0,2469.5,1.31,3430.96,Public Walk-in
2024-11-11,Aluminum Cans,215.2,330.2,1836.5,2.0,129.48,Plumber
2024-11-12,Steel Scrap,2471.3,227.2,991.1,3.18,2229.7,Public Walk-in
2024-11-13,Copper Wire,2100.4,228.7,1739.7,3.04,625.98,Demolition Co
2024-11-14,Brass,62.2,277.1,159.5,1.87,963.95,Demolition Co
2024-11-15,Brass,4079.0,391.7,3416.0,2.07,2235.13,Electrician
2024-11-16,Brass,4784.7,95.6,1049.7,2.57,3292.14,Public Walk-in
2024-11-17,Brass,2381.1,165.5,1167.5,0.66,3247.23,Electrician
2024-11-18,Cast Iron,2197.7,221.9,925.8,2.06,3013.45,Public Walk-in
2024-11-19,Brass,2708.9,293.2,2529.0,1.27,910.03,Public Walk-in
2024-11-20,Copper Wire,366.7,103.3,3705.4,3.08,2996.48,Plumber
2024-11-21,Aluminum Cans,3668.2,435.4,4266.3,2.68,4629.76,Plumber
2024-11-22,Aluminum Cans,904.9,201.7,1509.8,3.15,1694.11,Demolition Co
2024-11-23,Cast Iron,3654.5,3.4,1859.0,2.46,4181.01,Electrician
2024-11-24,Aluminum Cans,292.7,467.9,2266.2,0.55,755.8,Electrician
2024-11-25,Aluminum Cans,3202.6,377.2,3805.4,1.38,3172.59,Public Walk-in
2024-11-26,Copper Wire,3883.1,33.5,3550.1,0.36,2110.23,Demolition Co
2024-11-27,Brass,4243.7,253.5,3021.5,1.13,441.19,Demolition Co
2024-11-28,Steel Scrap,1337.0,325.3,3604.7,0.18,1398.35,Electrician
2024-11-29,Cast Iron,1013.5,372.6,173.0,1.89,4558.14,Public Walk-in
2024-11-30,Cast Iron,1098.5,395.3,3274.9,2.17,2443.17,Electrician
2024-12-01,Cast Iron,87.4,390.2,3669.3,2.89,2986.0,Demolition Co
2024-12-02,Cast Iron,3116.4,372.7,2960.3,1.42,1011.15,Public Walk-in
2024-12-03,Steel Scrap,2102.6,318.7,2001.4,0.79,3547.39,Public Walk-in
2024-12-04,Brass,1352.3,137.8,1753.7,1.07,759.1,Electrician
2024-12-05,Aluminum Cans,4171.5,405.9,1314.9,0.72,100.8,Electrician
2024-12-06,Steel Scrap,313.4,495.1,3155.9,1.7,4700.18,Electrician
2024-12-07,Brass,313.6,392.9,3832.1,1.89,4871.08,Public Walk-in
2024-12-08,Aluminum Cans,1416.6,81.0,1982.2,2.35,3352.88,Demolition Co
2024-12-09,Copper Wire,551.1,68.3,3271.7,2.16,513.88,Public Walk-in
2024-12-10,Copper Wire,2309.2,461.4,3666.5,1.72,2223.61,Electrician
2024-12-11,Aluminum Cans,3061.1,74.3,135.4,2.43,927.61,Electrician
2024-12-12,Steel Scrap,2337.0,108.0,1491.1,2.09,4583.16,Demolition Co
2024-12-13,Cast Iron,3332.3,184.7,773.6,1.52,4089.97,Plumber
2024-12-14,Brass,2477.7,362.8,4084.6,1.37,3544.7,Electrician
2024-12-15,Aluminum Cans,1985.3,21.6,1039.3,2.2,515.54,Public Walk-in
2024-12-16,Steel Scrap,1961.9,394.3,1667.9,2.94,4344.29,Public Walk-in
2024-12-17,Copper Wire,2159.7,230.0,573.6,0.51,2064.52,Electrician
2024-12-18,Cast Iron,3633.7,164.8,2110.7,1.03,3825.63,Electrician
2024-12-19,Cast Iron,2903.4,269.4,2221.0,1.33,2536.14,Plumber
2024-12-20,Copper Wire,1915.4,453.1,2668.0,2.17,3195.6,Demolition Co
2024-12-21,Brass,917.3,39.1,2306.2,0.93,1231.71,Plumber
2024-12-22,Copper Wire,3502.3,317.8,3388.3,0.13,2706.32,Demolition Co
2024-12-23,Brass,3638.2,311.9,3526.3,2.95,2843.54,Plumber
2024-12-24,Aluminum Cans,172.4,191.7,487.0,2.91,2824.53,Public Walk-in
2024-12-25,Aluminum Cans,2499.9,448.7,3552.9,1.38,3847.86,Electrician
2024-12-26,Brass,1377.7,444.2,2255.5,0.64,818.64,Plumber
2024-12-27,Copper Wire,3269.1,321.1,3450.3,0.18,1291.73,Electrician
2024-12-28,Copper Wire,2069.5,219.0,3028.0,0.35,3870.61,Demolition Co
2024-12-29,Cast Iron,4211.6,235.8,3465.4,2.11,534.96,Demolition Co
2024-12-30,Brass,2684.3,436.7,3385.2,0.78,3951.24,Public Walk-in
2024-12-31,Steel Scrap,4845.4,151.9,801.6,1.58,1483.74,Public Walk-in
2025-01-01,Brass,1169.3,380.0,418.9,1.89,1258.95,Public Walk-in
2025-01-02,Cast Iron,3750.3,42.0,4220.6,2.83,1444.98,Public Walk-in
2025-01-03,Brass,4475.2,228.4,2501.8,2.1,3590.57,Public Walk-in
2025-01-04,Cast Iron,3981.9,435.3,1827.9,0.99,483.26,Demolition Co
2025-01-05,Aluminum Cans,480.3,254.2,3342.8,0.68,4835.91,Public Walk-in
2025-01-06,Cast Iron,2506.4,309.1,4228.6,2.13,1439.59,Public Walk-in
2025-01-07,Steel Scrap,2289.3,339.4,3624.0,0.07,2291.48,Demolition Co
2025-01-08,Copper Wire,2203.0,31.5,1438.2,3.42,3069.64,Plumber
2025-01-09,Copper Wire,3213.1,181.7,3279.3,3.38,4627.6,Public Walk-in
2025-01-10,Steel Scrap,2845.1,458.5,3349.8,2.26,3580.38,Demolition Co
2025-01-11,Cast Iron,2131.8,274.5,2207.7,0.35,3060.49,Plumber
2025-01-12,Cast Iron,57.7,313.5,203.3,3.45,3234.99,Electrician
2025-01-13,Copper Wire,977.2,5.9,2784.4,1.55,4322.87,Demolition Co
2025-01-14,Steel Scrap,2370.5,6.1,749.0,3.06,556.19,Electrician
2025-01-15,Steel Scrap,4255.5,17.2,2215.5,2.49,2315.88,Public Walk-in
2025-01-16,Copper Wire,2004.3,411.8,2344.3,0.27,3960.13,Electrician
2025-01-17,Copper Wire,2732.0,40.8,3339.7,2.56,758.97,Electrician
2025-01-18,Cast Iron,3805.3,182.8,3423.9,0.44,195.46,Public Walk-in
2025-01-19,Aluminum Cans,4213.1,247.1,1653.6,3.22,1317.57,Demolition Co
2025-01-20,Aluminum Cans,4394.2,448.8,2823.6,0.9,4959.45,Public Walk-in
2025-01-21,Cast Iron,1164.9,202.0,2235.4,1.55,3573.67,Public Walk-in
2025-01-22,Cast Iron,3316.8,216.1,2518.9,2.36,438.48,Public Walk-in
2025-01-23,Brass,1338.8,119.0,1937.3,0.81,2032.99,Demolition Co
2025-01-24,Cast Iron,1191.1,43.1,2676.3,2.96,4097.19,Demolition Co
2025-01-25,Brass,4933.0,149.2,2969.0,0.83,516.79,Demolition Co
2025-01-26,Copper Wire,2226.3,466.6,266.3,0.25,636.78,Electrician
2025-01-27,Copper Wire,4108.4,4.1,2609.1,1.05,324.6,Public Walk-in
2025-01-28,Brass,3309.0,184.8,991.3,2.27,3122.97,Plumber
2025-01-29,Brass,1331.6,444.6,716.8,1.91,4931.9,Electrician
2025-01-30,Brass,233.5,34.8,1646.8,1.12,4402.72,Public Walk-in
2025-01-31,Copper Wire,3286.5,319.5,1671.4,2.34,2284.11,Plumber
2025-02-01,Aluminum Cans,3767.7,417.9,1737.3,0.59,3406.82,Public Walk-in
2025-02-02,Aluminum Cans,1872.5,245.5,2541.0,1.89,3558.91,Electrician
2025-02-03,Brass,2217.0,271.9,965.0,0.48,2109.25,Plumber
2025-02-04,Brass,2920.9,190.9,1566.4,2.91,3749.22,Plumber
2025-02-05,Aluminum Cans,1776.8,83.8,2416.6,2.5,2694.06,Public Walk-in
2025-02-06,Brass,4686.0,443.0,961.5,0.5,3389.18,Electrician
2025-02-07,Steel Scrap,1454.6,123.4,4458.1,1.94,169.5,Public Walk-in
2025-02-08,Aluminum Cans,2864.6,295.8,2972.4,0.16,1035.12,Electrician
2025-02-09,Brass,599.0,58.8,4452.5,0.76,4649.91,Plumber
2025-02-10,Brass,1108.3,384.3,1664.9,2.08,4859.9,Plumber
2025-02-11,Steel Scrap,2344.7,131.2,1656.5,3.09,4944.98,Public Walk-in
2025-02-12,Cast Iron,3108.1,109.1,4216.0,3.29,2106.79,Plumber
2025-02-13,Aluminum Cans,845.5,226.0,3300.1,3.43,1558.81,Public Walk-in
2025-02-14,Steel Scrap,395.9,148.8,363.5,2.74,1892.43,Public Walk-in
2025-02-15,Steel Scrap,4368.3,136.7,1991.8,0.86,2203.32,Demolition Co
2025-02-16,Brass,445.1,280.4,1856.5,2.11,1795.16,Electrician
2025-02-17,Aluminum Cans,1488.4,191.5,3486.4,3.23,123.07,Demolition Co
2025-02-18,Steel Scrap,2431.8,399.6,3645.8,2.79,1171.45,Public Walk-in
2025-02-19,Brass,3201.5,404.8,162.7,1.77,4558.57,Plumber
2025-02-20,Cast Iron,763.3,164.3,3605.0,3.01,65.97,Demolition Co
2025-02-21,Brass,3608.9,46.8,1835.6,2.45,1182.43,Electrician
2025-02-22,Steel Scrap,441.4,75.0,3116.6,3.15,1004.66,Plumber
2025-02-23,Cast Iron,4832.1,360.1,3176.6,3.21,827.82,Demolition Co
2025-02-24,Cast Iron,639.6,198.9,2450.3,1.74,266.82,Plumber
2025-02-25,Copper Wire,2132.6,149.0,1875.0,2.7,3501.88,Demolition Co
2025-02-26,Steel Scrap,1008.2,493.1,3483.6,0.1,3216.52,Demolition Co
2025-02-27,Copper Wire,2979.4,19.0,814.0,1.55,3029.38,Demolition Co
2025-02-28,Brass,540.9,400.8,754.1,2.36,4913.77,Plumber
2025-03-01,Steel Scrap,343.7,487.9,3588.0,3.37,966.97,Electrician
2025-03-02,Steel Scrap,2525.3,248.5,727.7,1.36,2051.16,Public Walk-in
2025-03-03,Cast Iron,1484.6,195.7,1587.0,3.38,1960.76,Plumber
2025-03-04,Cast Iron,1972.6,396.9,3734.8,2.05,405.38,Plumber
2025-03-05,Brass,4551.8,21.2,4094.5,2.29,4565.98,Electrician
2025-03-06,Cast Iron,2982.3,291.8,4037.7,2.76,4368.52,Plumber
2025-03-07,Brass,4280.2,137.0,3075.3,2.68,2428.66,Public Walk-in
2025-03-08,Copper Wire,2028.0,230.1,1174.4,0.33,2989.1,Plumber
2025-03-09,Aluminum Cans,2205.6,470.0,441.5,1.77,1359.31,Demolition Co
2025-03-10,Steel Scrap,926.4,373.5,2129.9,1.27,4784.04,Public Walk-in
2025-03-11,Brass,2066.1,167.0,3592.3,2.63,2320.92,Electrician
2025-03-12,Copper Wire,1339.4,109.9,2760.3,0.92,2782.31,Demolition Co
2025-03-13,Copper Wire,2839.9,466.0,794.9,2.22,518.05,Electrician
2025-03-14,Steel Scrap,1660.0,212.7,346.5,0.38,4879.59,Demolition Co
2025-03-15,Cast Iron,330.6,95.6,941.2,1.36,4199.97,Demolition Co
2025-03-16,Cast Iron,2857.8,65.2,4481.7,2.42,3460.57,Plumber
2025-03-17,Copper Wire,2211.6,33.1,3670.0,0.59,4674.82,Electrician
2025-03-18,Brass,1882.4,287.6,1448.5,2.56,4410.31,Demolition Co
2025-03-19,Cast Iron,500.2,374.5,624.5,0.24,4623.42,Plumber
2025-03-20,Brass,3991.4,76.2,1398.9,1.2,3005.32,Demolition Co
2025-03-21,Aluminum Cans,483.6,122.6,4484.1,0.66,3595.4,Demolition Co
2025-03-22,Cast Iron,1331.0,380.3,507.1,1.52,3951.8,Demolition Co
2025-03-23,Steel Scrap,1320.7,200.2,3100.6,2.92,3326.8,Demolition Co
2025-03-24,Cast Iron,4513.5,242.5,734.6,1.14,794.54,Electrician
2025-03-25,Copper Wire,1267.3,131.9,1608.8,1.0,1135.54,Plumber
2025-03-26,Cast Iron,2849.4,133.6,1108.5,0.79,2094.11,Plumber
2025-03-27,Brass,3349.0,69.6,3228.3,1.81,4438.68,Demolition Co
2025-03-28,Copper Wire,1042.5,77.7,2895.2,3.43,3721.74,Demolition Co
2025-03-29,Copper Wire,2549.6,481.4,4069.2,3.24,1300.71,Demolition Co
2025-03-30,Cast Iron,1420.3,204.3,4463.5,1.63,2032.42,Electrician
2025-03-31,Aluminum Cans,4309.4,342.9,3643.4,1.66,3684.62,Electrician
2025-04-01,Copper Wire,2696.2,41.3,2127.0,0.71,2033.77,Demolition Co
2025-04-02,Steel Scrap,1246.6,103.2,4108.7,2.79,4666.32,Plumber
2025-04-03,Aluminum Cans,297.1,455.3,1283.5,0.86,4775.43,Plumber
2025-04-04,Cast Iron,4223.7,38.6,2952.6,0.57,4243.64,Electrician
2025-04-05,Brass,3605.0,222.4,3295.3,0.9,3534.52,Demolition Co
2025-04-06,Steel Scrap,1681.0,310.8,3490.4,0.64,1052.34,Demolition Co
2025-04-07,Aluminum Cans,4985.8,300.8,785.5,2.56,3305.37,Plumber
2025-04-08,Copper Wire,3521.8,45.6,3560.7,1.65,4527.11,Demolition Co
2025-04-09,Cast Iron,3816.1,312.1,994.3,2.4,486.21,Public Walk-in
2025-04-10,Aluminum Cans,3408.8,118.8,347.8,0.82,4875.89,Plumber
2025-04-11,Copper Wire,4123.6,211.9,2550.8,1.3,1133.36,Demolition Co
2025-04-12,Cast Iron,2035.0,318.6,3202.1,2.8,669.26,Demolition Co
2025-04-13,Copper Wire,486.0,20.9,3201.3,0.22,3837.4,Demolition Co
2025-04-14,Copper Wire,4491.7,173.6,4315.5,2.5,3521.39,Electrician
2025-04-15,Brass,3755.7,354.5,1305.1,1.85,4869.85,Public Walk-in
2025-04-16,Copper Wire,4020.1,205.8,2328.6,1.39,111.44,Electrician
2025-04-17,Aluminum Cans,3762.1,303.1,500.9,0.68,4930.48,Public Walk-in
2025-04-18,Brass,1069.0,363.7,1740.4,1.1,2503.23,Plumber
2025-04-19,Cast Iron,2829.1,42.3,2465.4,2.66,4660.77,Electrician
2025-04-20,Brass,728.0,294.7,1032.4,0.39,3190.14,Electrician
2025-04-21,Aluminum Cans,2548.4,421.0,2629.6,0.68,3566.86,Plumber
2025-04-22,Cast Iron,2455.1,164.5,2122.6,0.8,1152.76,Public Walk-in
2025-04-23,Copper Wire,2201.1,114.5,2076.9,1.59,1457.63,Plumber
2025-04-24,Cast Iron,400.4,499.6,1517.9,0.44,2543.87,Public Walk-in
2025-04-25,Cast Iron,1949.1,161.3,2112.6,3.46,1853.88,Demolition Co
2025-04-26,Copper Wire,3387.3,217.1,1412.3,2.82,318.07,Public Walk-in
2025-04-27,Brass,3949.5,406.3,2845.7,2.07,789.85,Electrician
2025-04-28,Steel Scrap,2365.0,78.3,3635.6,2.19,1882.82,Demolition Co
2025-04-29,Cast Iron,4771.5,73.6,92.5,0.39,494.33,Demolition Co
2025-04-30,Aluminum Cans,3796.4,189.0,1294.7,2.31,4221.3,Demolition Co
2025-05-01,Copper Wire,625.7,126.2,4296.4,0.44,4655.54,Electrician
2025-05-02,Steel Scrap,2361.3,302.0,4152.9,2.14,1733.64,Demolition Co
2025-05-03,Cast Iron,3926.0,112.5,3489.3,2.7,2250.69,Plumber
2025-05-04,Brass,2939.9,124.1,2913.4,1.04,3087.61,Plumber
2025-05-05,Brass,2504.0,289.7,660.8,1.52,3497.89,Electrician
2025-05-06,Copper Wire,4564.0,263.2,2532.9,3.39,1187.89,Plumber
2025-05-07,Brass,2456.6,260.2,3814.4,2.7,3065.67,Electrician
2025-05-08,Brass,2214.6,275.9,539.2,3.14,3618.49,Demolition Co
2025-05-09,Cast Iron,451.0,155.9,3785.1,2.95,434.1,Electrician
2025-05-10,Steel Scrap,2365.4,266.9,1864.7,1.73,3647.22,Public Walk-in
2025-05-11,Cast Iron,4882.5,273.6,387.6,2.0,962.45,Demolition Co
2025-05-12,Aluminum Cans,720.6,20.2,3383.2,0.1,877.76,Plumber
2025-05-13,Aluminum Cans,2976.9,63.3,123.0,0.84,1916.33,Electrician
2025-05-14,Aluminum Cans,3456.8,456.7,3270.5,1.26,778.01,Electrician
2025-05-15,Brass,214.7,7.2,1934.8,1.32,4855.12,Demolition Co
2025-05-16,Brass,919.3,339.5,1038.3,1.41,3955.28,Public Walk-in
2025-05-17,Cast Iron,261.4,240.5,2957.9,0.18,1961.77,Demolition Co
2025-05-18,Aluminum Cans,4754.9,408.0,4313.9,2.34,3216.09,Plumber
2025-05-19,Copper Wire,237.5,241.4,2580.7,2.19,4767.87,Plumber
2025-05-20,Cast Iron,4816.3,192.9,1938.7,3.18,4951.03,Demolition Co
2025-05-21,Cast Iron,3755.0,282.4,524.1,1.76,4787.79,Demolition Co
2025-05-22,Aluminum Cans,572.4,57.4,2979.4,1.52,2984.76,Electrician
2025-05-23,Aluminum Cans,776.5,275.9,1101.6,2.26,1838.57,Public Walk-in
2025-05-24,Copper Wire,2676.8,213.7,2279.5,3.04,4486.06,Plumber
2025-05-25,Copper Wire,484.8,442.7,1646.0,0.57,2085.94,Demolition Co
2025-05-26,Brass,4794.9,356.8,1000.4,1.05,3664.55,Public Walk-in
2025-05-27,Cast Iron,2661.1,438.0,3499.1,1.25,3900.97,Demolition Co
2025-05-28,Steel Scrap,1540.9,191.2,535.8,2.44,2321.56,Public Walk-in
2025-05-29,Aluminum Cans,2165.6,81.3,2877.9,0.69,1210.54,Demolition Co
2025-05-30,Brass,552.6,288.8,363.4,0.13,247.02,Plumber
2025-05-31,Copper Wire,2191.1,187.4,3645.8,2.58,2200.07,Plumber
2025-06-01,Copper Wire,2397.1,335.0,2088.9,0.25,3501.82,Public Walk-in
2025-06-02,Steel Scrap,4884.1,391.0,157.4,0.08,4654.15,Electrician
2025-06-03,Cast Iron,1931.8,439.4,1985.5,0.52,4800.78,Demolition Co
2025-06-04,Copper Wire,4234.8,234.3,4446.8,0.26,1565.18,Plumber
2025-06-05,Aluminum Cans,2541.1,197.3,2985.7,0.65,564.78,Public Walk-in
2025-06-06,Aluminum Cans,940.1,322.8,982.6,0.95,2415.46,Demolition Co
2025-06-07,Brass,1681.0,196.0,1168.8,3.49,3691.66,Plumber
2025-06-08,Cast Iron,2465.6,369.2,1884.0,1.07,4170.65,Plumber
2025-06-09,Aluminum Cans,4685.5,223.7,3854.8,0.64,1840.89,Plumber
2025-06-10,Copper Wire,3499.3,38.6,3252.2,2.8,2927.23,Plumber
2025-06-11,Cast Iron,2994.8,380.6,3506.9,0.12,3289.79,Plumber
2025-06-12,Copper Wire,1435.5,233.7,2757.8,3.31,1924.78,Plumber
2025-06-13,Brass,3476.6,247.3,3902.6,1.3,1970.48,Demolition Co
2025-06-14,Brass,3150.2,476.4,2041.2,0.54,3076.42,Electrician
2025-06-15,Cast Iron,1050.4,461.4,2025.8,1.88,3195.57,Public Walk-in
2025-06-16,Copper Wire,348.8,103.0,1725.7,2.19,4889.41,Public Walk-in
2025-06-17,Cast Iron,1829.4,92.2,4298.6,3.25,2235.96,Electrician
2025-06-18,Aluminum Cans,2621.1,372.6,3487.9,0.9,4892.49,Electrician
2025-06-19,Aluminum Cans,3296.8,420.5,2896.0,1.96,2376.44,Public Walk-in
2025-06-20,Cast Iron,641.5,199.8,338.3,2.4,894.16,Public Walk-in
2025-06-21,Copper Wire,4733.3,298.0,712.7,3.15,3918.0,Electrician
2025-06-22,Aluminum Cans,1118.7,234.4,2476.6,2.38,1435.11,Demolition Co
2025-06-23,Steel Scrap,1599.7,405.3,751.8,1.92,1705.89,Plumber
2025-06-24,Aluminum Cans,1146.9,400.9,2198.7,1.82,4006.43,Plumber
2025-06-25,Brass,1156.0,493.3,1798.0,3.36,3879.89,Public Walk-in
2025-06-26,Copper Wire,3686.3,278.6,4046.6,0.5,598.34,Plumber
2025-06-27,Cast Iron,3877.3,144.6,2147.6,0.36,1555.47,Demolition Co
2025-06-28,Copper Wire,4640.5,55.7,325.8,0.35,91.45,Public Walk-in
2025-06-29,Aluminum Cans,4537.0,324.8,983.3,1.12,271.89,Public Walk-in
2025-06-30,Aluminum Cans,3612.7,28.1,2705.8,1.85,1033.89,Electrician
2025-07-01,Copper Wire,3513.6,401.1,1630.0,1.96,684.75,Electrician
2025-07-02,Brass,1523.9,134.9,2585.9,1.06,2514.5,Public Walk-in
2025-07-03,Cast Iron,591.8,41.2,263.0,3.47,1605.75,Demolition Co
2025-07-04,Steel Scrap,1278.9,217.2,4074.7,1.53,3796.55,Electrician
2025-07-05,Aluminum Cans,324.6,3.0,3647.2,2.19,4071.85,Public Walk-in
2025-07-06,Aluminum Cans,1563.5,479.9,986.7,1.89,3144.15,Public Walk-in
2025-07-07,Cast Iron,2872.9,185.8,2295.8,1.91,3672.58,Plumber
2025-07-08,Brass,3875.4,443.8,2151.0,2.98,4080.19,Electrician
2025-07-09,Steel Scrap,3718.6,173.1,2160.7,1.07,2120.29,Electrician
2025-07-10,Steel Scrap,1398.2,285.9,4220.3,0.19,2989.76,Public Walk-in
2025-07-11,Steel Scrap,398.0,113.3,757.3,2.65,2647.98,Demolition Co
2025-07-12,Aluminum Cans,3051.6,28.5,3579.3,0.5,4240.47,Electrician
2025-07-13,Steel Scrap,1316.6,345.2,3374.0,3.07,894.58,Demolition Co
2025-07-14,Copper Wire,2884.7,262.1,2881.9,1.4,1680.05,Demolition Co
2025-07-15,Copper Wire,4705.5,5.4,2038.6,2.87,4765.41,Demolition Co
2025-07-16,Aluminum Cans,3958.9,190.6,3190.5,3.23,2453.92,Electrician
2025-07-17,Copper Wire,3936.6,482.4,592.3,0.37,4223.17,Plumber
2025-07-18,Brass,1379.0,367.5,314.5,0.96,3594.33,Public Walk-in
2025-07-19,Steel Scrap,3379.7,316.7,1359.9,3.34,1027.22,Electrician
2025-07-20,Brass,1031.8,320.1,2427.8,1.31,4217.39,Electrician
2025-07-21,Brass,1074.4,350.7,2896.7,1.15,4253.82,Public Walk-in
2025-07-22,Steel Scrap,4179.9,374.5,3474.2,2.24,4521.73,Electrician
2025-07-23,Brass,2812.4,204.6,3187.6,0.82,2745.2,Plumber
2025-07-24,Aluminum Cans,3207.9,215.5,1101.8,1.16,4209.01,Public Walk-in
2025-07-25,Brass,996.6,166.4,861.7,1.19,3545.72,Public Walk-in
2025-07-26,Aluminum Cans,1516.4,169.3,1099.9,0.1,229.0,Electrician
2025-07-27,Cast Iron,4613.4,342.4,1485.2,2.87,3304.68,Electrician
2025-07-28,Aluminum Cans,1079.4,304.4,4245.1,1.08,4552.77,Demolition Co
2025-07-29,Steel Scrap,2921.5,406.6,967.8,0.91,4383.24,Demolition Co
2025-07-30,Steel Scrap,605.5,41.7,306.1,0.82,2143.55,Electrician
2025-07-31,Steel Scrap,1770.7,292.2,173.5,1.5,4961.53,Demolition Co
2025-08-01,Copper Wire,2095.8,142.9,3343.1,0.2,4172.19,Demolition Co
2025-08-02,Aluminum Cans,1081.6,246.0,261.8,3.31,2136.36,Public Walk-in
2025-08-03,Copper Wire,1876.9,4.7,1727.3,0.92,943.52,Public Walk-in
2025-08-04,Steel Scrap,4205.6,40.1,4306.5,2.63,3452.68,Plumber
2025-08-05,Copper Wire,867.1,485.1,3089.7,2.95,3153.8,Public Walk-in
2025-08-06,Brass,4664.0,48.6,167.9,0.77,1048.19,Demolition Co
2025-08-07,Copper Wire,4266.6,312.0,2846.6,0.6,2388.87,Demolition Co
2025-08-08,Brass,340.4,330.6,3326.9,1.78,59.71,Plumber
2025-08-09,Brass,2381.1,130.4,1462.7,0.47,3482.19,Demolition Co
2025-08-10,Aluminum Cans,1374.8,129.7,3240.1,0.52,3561.16,Plumber
2025-08-11,Aluminum Cans,4823.0,311.1,2421.8,2.11,1715.37,Demolition Co
2025-08-12,Cast Iron,557.2,372.9,3215.7,1.12,1503.2,Demolition Co
2025-08-13,Brass,1804.6,303.9,2661.9,3.31,2230.04,Public Walk-in
2025-08-14,Brass,2980.2,294.9,2138.4,3.44,1768.28,Electrician
2025-08-15,Cast Iron,4006.5,251.9,3573.2,1.31,3601.09,Electrician
2025-08-16,Brass,1904.3,32.2,87.8,3.47,3845.13,Electrician
2025-08-17,Brass,2757.2,93.7,3708.5,1.56,1657.89,Electrician
2025-08-18,Steel Scrap,1977.6,2.2,3447.1,0.76,3133.57,Demolition Co
2025-08-19,Cast Iron,4788.9,396.8,1529.8,3.13,4919.15,Electrician
2025-08-20,Brass,508.7,132.5,1515.6,1.3,3883.8,Electrician
2025-08-21,Copper Wire,1883.7,313.4,3680.9,1.5,2400.54,Public Walk-in
2025-08-22,Copper Wire,424.0,181.7,1174.9,1.16,3111.72,Plumber
2025-08-23,Brass,2146.3,112.5,327.4,0.42,3496.15,Electrician
2025-08-24,Copper Wire,1218.7,428.2,2470.0,0.78,55.08,Electrician
2025-08-25,Cast Iron,1260.1,395.7,998.7,3.25,18.8,Plumber
2025-08-26,Copper Wire,706.2,297.1,4165.1,0.99,2435.53,Plumber
2025-08-27,Aluminum Cans,3959.1,77.0,1705.0,2.86,1685.37,Public Walk-in
2025-08-28,Copper Wire,4426.1,249.7,3477.4,2.5,2024.28,Public Walk-in
2025-08-29,Brass,1358.6,152.8,4493.1,2.55,3868.15,Public Walk-in
2025-08-30,Aluminum Cans,3883.2,447.4,2713.2,1.73,1055.6,Demolition Co
2025-08-31,Aluminum Cans,2282.3,315.5,2253.1,0.77,4432.13,Demolition Co
2025-09-01,Copper Wire,1527.9,43.0,649.1,1.31,4676.38,Electrician
2025-09-02,Steel Scrap,4103.3,292.6,727.2,3.13,3330.52,Electrician
2025-09-03,Copper Wire,820.9,272.5,563.6,2.33,2588.36,Plumber
2025-09-04,Brass,2586.0,279.0,2694.6,1.15,1744.28,Demolition Co
2025-09-05,Copper Wire,679.5,169.1,993.5,2.01,501.71,Demolition Co
2025-09-06,Copper Wire,3779.7,127.8,2441.4,2.37,1268.71,Electrician
2025-09-07,Steel Scrap,3885.5,160.8,1707.3,1.77,4213.47,Electrician
2025-09-08,Cast Iron,3475.0,385.6,3711.2,0.85,3461.81,Demolition Co
2025-09-09,Brass,2566.4,250.9,873.6,1.52,1990.9,Demolition Co
2025-09-10,Copper Wire,909.7,313.8,787.1,3.15,516.71,Demolition Co
2025-09-11,Brass,578.9,201.8,2593.3,0.33,3253.4,Plumber
2025-09-12,Copper Wire,1777.4,363.4,2346.8,0.82,4446.3,Electrician
2025-09-13,Aluminum Cans,4884.4,240.1,1124.7,1.13,799.16,Electrician
2025-09-14,Copper Wire,4489.2,310.3,3878.4,3.49,3998.43,Public Walk-in
2025-09-15,Steel Scrap,2783.6,197.7,998.2,3.32,3181.84,Electrician
2025-09-16,Steel Scrap,551.1,389.7,1945.8,2.41,92.28,Electrician
2025-09-17,Copper Wire,1284.7,103.5,4302.9,0.64,3954.68,Public Walk-in
2025-09-18,Cast Iron,4559.0,143.3,324.1,1.78,352.28,Electrician
2025-09-19,Brass,4366.4,159.1,3574.1,2.32,2909.52,Demolition Co
2025-09-20,Steel Scrap,3014.2,456.4,3994.7,0.08,2262.44,Plumber
2025-09-21,Brass,1131.8,249.9,2246.0,1.37,4897.71,Public Walk-in
2025-09-22,Copper Wire,2277.2,168.2,2527.4,3.0,2019.51,Plumber
2025-09-23,Cast Iron,2685.5,66.6,1916.0,0.91,1459.23,Plumber
2025-09-24,Cast Iron,2403.6,50.3,4189.4,1.34,3731.4,Demolition Co
2025-09-25,Brass,1470.6,281.2,3110.5,3.13,1693.95,Public Walk-in
2025-09-26,Brass,400.8,333.4,4005.4,3.19,2044.01,Electrician
2025-09-27,Cast Iron,4351.8,282.9,1708.2,3.45,1827.06,Demolition Co
2025-09-28,Brass,2436.1,484.8,3606.0,1.84,4188.58,Public Walk-in
2025-09-29,Aluminum Cans,3758.8,34.6,2373.8,2.74,4329.94,Demolition Co
2025-09-30,Cast Iron,2118.3,457.6,2982.8,2.51,2294.54,Demolition Co
2025-10-01,Aluminum Cans,3446.2,91.9,807.4,0.96,4178.1,Public Walk-in
2025-10-02,Steel Scrap,2051.5,270.1,680.4,3.1,3891.24,Demolition Co
2025-10-03,Copper Wire,4691.6,280.8,1344.8,0.34,3370.01,Electrician
2025-10-04,Copper Wire,1278.5,493.2,459.3,3.18,1345.56,Plumber
2025-10-05,Aluminum Cans,1995.9,236.2,1628.7,1.69,463.33,Public Walk-in
2025-10-06,Copper Wire,3477.5,399.9,2583.5,1.12,412.3,Demolition Co
2025-10-07,Cast Iron,1403.6,262.5,1154.0,3.24,4058.66,Electrician
2025-10-08,Brass,3074.3,37.3,2966.7,3.33,2514.76,Public Walk-in
2025-10-09,Brass,371.6,474.0,3540.9,3.0,1489.26,Plumber
2025-10-10,Brass,2898.1,174.7,3465.3,1.59,3017.56,Plumber
2025-10-11,Cast Iron,2742.9,412.7,2057.3,3.42,2989.27,Electrician
2025-10-12,Aluminum Cans,2177.6,227.2,3881.9,0.62,501.7,Plumber
2025-10-13,Aluminum Cans,3989.8,215.9,2161.9,1.89,2588.74,Public Walk-in
2025-10-14,Steel Scrap,1609.7,142.4,1418.6,1.59,2690.25,Electrician
2025-10-15,Brass,4898.6,399.1,1087.3,0.72,187.96,Plumber
2025-10-16,Aluminum Cans,279.6,180.2,908.3,2.18,3458.86,Demolition Co
2025-10-17,Steel Scrap,3815.1,218.6,1759.7,0.76,3949.17,Electrician
2025-10-18,Steel Scrap,1214.6,313.6,1159.4,2.48,1709.63,Electrician
2025-10-19,Copper Wire,2211.1,315.3,2843.5,1.63,1618.92,Plumber
2025-10-20,Steel Scrap,2952.1,20.7,3646.3,2.75,4827.09,Demolition Co
2025-10-21,Steel Scrap,168.6,311.3,167.8,1.19,4574.38,Electrician
2025-10-22,Aluminum Cans,2974.7,36.6,2187.7,2.73,1928.77,Plumber
2025-10-23,Steel Scrap,1896.3,308.0,1658.2,1.07,183.88,Plumber
2025-10-24,Aluminum Cans,249.3,448.3,2927.8,2.71,1924.94,Electrician
2025-10-25,Copper Wire,3217.3,497.4,683.2,0.1,256.16,Plumber
2025-10-26,Aluminum Cans,4385.4,40.4,101.9,0.5,3800.9,Plumber
2025-10-27,Brass,207.8,299.1,1695.5,1.42,4253.84,Electrician
2025-10-28,Cast Iron,3619.4,100.2,4355.7,3.1,872.94,Plumber
2025-10-29,Cast Iron,3094.9,215.2,1071.6,3.21,3499.99,Electrician
2025-10-30,Copper Wire,740.1,33.7,2375.1,0.09,1947.71,Demolition Co
2025-10-31,Copper Wire,1923.8,258.5,4201.9,2.43,3477.48,Public Walk-in
2025-11-01,Steel Scrap,1316.9,262.2,1454.6,3.08,3523.13,Demolition Co
2025-11-02,Cast Iron,4753.1,126.5,4229.0,3.48,2207.66,Public Walk-in
2025-11-03,Steel Scrap,4164.5,472.0,514.9,2.46,3350.21,Plumber
2025-11-04,Steel Scrap,2003.0,257.0,928.4,1.39,4092.23,Demolition Co
2025-11-05,Aluminum Cans,3458.6,383.7,419.0,3.02,2341.43,Public Walk-in
2025-11-06,Cast Iron,4862.6,271.8,3644.6,1.93,4755.47,Electrician
2025-11-07,Cast Iron,4367.8,461.9,3808.8,3.44,1343.61,Demolition Co
2025-11-08,Cast Iron,4200.1,314.8,4311.3,0.2,2460.45,Demolition Co
2025-11-09,Copper Wire,4269.7,389.8,1430.9,0.25,293.78,Demolition Co
2025-11-10,Cast Iron,4141.2,5.1,1660.8,3.28,3455.96,Demolition Co
2025-11-11,Brass,140.1,428.0,524.5,1.58,1983.24,Demolition Co
2025-11-12,Copper Wire,4724.3,72.9,2122.7,2.29,4612.68,Public Walk-in
2025-11-13,Cast Iron,718.9,446.3,1794.4,1.73,3766.26,Demolition Co
2025-11-14,Brass,626.8,443.1,3080.8,3.33,3000.74,Electrician
2025-11-15,Steel Scrap,767.2,125.7,124.4,3.07,2342.66,Public Walk-in
2025-11-16,Steel Scrap,797.4,331.2,3149.0,1.67,644.64,Public Walk-in
2025-11-17,Steel Scrap,4320.4,36.6,386.3,2.39,592.92,Electrician
2025-11-18,Aluminum Cans,3639.5,152.5,687.0,1.59,2541.46,Demolition Co
2025-11-19,Aluminum Cans,4310.7,342.8,4201.5,1.9,3891.73,Public Walk-in
2025-11-20,Steel Scrap,2586.9,177.1,1041.9,1.41,1904.5,Electrician
2025-11-21,Brass,1289.2,19.3,2903.8,2.65,4979.08,Demolition Co
2025-11-22,Brass,1183.2,11.7,2192.7,0.79,1486.39,Electrician
2025-11-23,Aluminum Cans,2305.7,395.5,2408.6,2.74,2319.12,Plumber
2025-11-24,Brass,3340.5,289.6,1493.9,1.85,4540.67,Demolition Co
2025-11-25,Copper Wire,1640.3,32.7,3335.8,0.48,631.39,Electrician
2025-11-26,Brass,1311.0,82.4,2427.4,0.23,3218.95,Demolition Co
2025-11-27,Cast Iron,3516.0,470.7,1937.0,0.93,3988.81,Electrician
2025-11-28,Copper Wire,1052.2,290.2,3774.3,2.93,1976.31,Electrician
2025-11-29,Brass,706.7,456.4,504.6,0.43,40.41,Plumber
2025-11-30,Copper Wire,3160.7,28.2,3434.9,2.35,4274.09,Electrician
2025-12-01,Aluminum Cans,1499.1,393.8,116.5,1.23,1077.64,Electrician
2025-12-02,Steel Scrap,589.6,300.8,2024.9,3.48,4276.75,Electrician
2025-12-03,Aluminum Cans,1015.8,379.9,2765.3,3.1,2824.78,Demolition Co
2025-12-04,Brass,4933.1,114.0,3624.9,1.14,3632.03,Plumber
2025-12-05,Aluminum Cans,292.4,167.4,3375.2,0.24,2588.55,Demolition Co
2025-12-06,Copper Wire,4794.3,473.7,4396.2,2.62,4252.74,Public Walk-in
2025-12-07,Steel Scrap,132.4,378.3,3805.7,2.78,2546.8,Public Walk-in
2025-12-08,Copper Wire,4108.5,301.4,3460.4,2.18,3581.38,Electrician
2025-12-09,Cast Iron,588.9,296.5,2367.3,1.33,4456.28,Demolition Co
2025-12-10,Brass,2960.0,410.0,2501.0,0.26,4591.89,Plumber
2025-12-11,Steel Scrap,338.6,409.9,1633.8,3.43,836.98,Public Walk-in
2025-12-12,Cast Iron,53.6,487.9,3953.3,1.35,1980.29,Demolition Co
2025-12-13,Cast Iron,2781.2,431.8,2281.3,1.25,4469.35,Demolition Co
2025-12-14,Cast Iron,2541.7,437.4,4167.0,3.28,1084.71,Electrician
2025-12-15,Copper Wire,2378.3,438.7,695.0,2.35,3559.85,Electrician
2025-12-16,Steel Scrap,1260.1,423.3,3614.1,1.23,3992.53,Public Walk-in
2025-12-17,Cast Iron,1145.7,383.9,833.0,3.18,2190.26,Public Walk-in
2025-12-18,Aluminum Cans,178.7,287.0,2041.7,1.47,232.17,Public Walk-in
2025-12-19,Cast Iron,3660.8,9.4,3121.7,1.53,4966.25,Demolition Co
2025-12-20,Cast Iron,3939.9,47.1,54.6,3.3,2177.9,Plumber
2025-12-21,Brass,2944.2,2.2,4414.0,1.34,2108.56,Plumber
2025-12-22,Aluminum Cans,3599.2,50.3,3822.7,2.08,3316.04,Plumber
2025-12-23,Copper Wire,3736.3,433.4,3046.5,0.48,2452.96,Electrician
2025-12-24,Brass,2748.7,415.8,745.8,1.24,4737.74,Demolition Co
2025-12-25,Copper Wire,750.1,308.1,3189.9,0.6,127.08,Plumber
2025-12-26,Aluminum Cans,364.6,24.0,3444.8,3.46,920.79,Electrician
2025-12-27,Cast Iron,3653.4,374.1,3973.1,3.06,2975.69,Electrician
2025-12-28,Steel Scrap,1148.4,121.0,1512.2,1.13,1483.73,Public Walk-in
2025-12-29,Copper Wire,533.6,34.5,4197.4,0.32,3708.23,Demolition Co
2025-12-30,Cast Iron,3673.7,337.4,392.5,1.04,899.23,Demolition Co
2025-12-31,Cast Iron,4005.9,74.6,1685.2,1.34,149.86,Plumber
2026-01-01,Brass,4200.4,208.6,947.5,1.54,324.1,Public Walk-in
2026-01-02,Copper Wire,3842.3,198.7,741.8,1.03,4277.28,Demolition Co
2026-01-03,Cast Iron,3084.1,242.7,1663.4,2.73,3184.22,Plumber
2026-01-04,Cast Iron,2611.5,69.6,2768.2,2.66,901.81,Plumber
2026-01-05,Brass,2994.7,355.8,1463.4,2.96,3942.1,Plumber
2026-01-06,Steel Scrap,4711.3,227.1,4265.5,1.34,4333.99,Demolition Co
2026-01-07,Brass,359.2,402.2,4433.6,0.23,2044.09,Demolition Co
2026-01-08,Copper Wire,3509.1,304.9,3496.4,1.51,256.78,Electrician
2026-01-09,Cast Iron,4977.6,430.6,1565.8,1.69,2402.93,Plumber
2026-01-10,Copper Wire,2983.3,435.4,2674.6,1.94,832.23,Demolition Co
2026-01-11,Brass,4768.8,164.2,1860.9,0.77,3439.28,Electrician
2026-01-12,Aluminum Cans,1670.7,353.5,4369.0,3.11,296.69,Plumber
2026-01-13,Aluminum Cans,2313.5,137.1,188.2,2.34,4426.62,Demolition Co
2026-01-14,Brass,1263.9,59.7,3636.8,3.41,1667.5,Electrician
2026-01-15,Aluminum Cans,3544.0,138.8,858.0,2.16,295.6,Public Walk-in
2026-01-16,Steel Scrap,1447.4,36.0,650.6,0.61,2905.65,Electrician
2026-01-17,Brass,3525.6,133.9,3225.6,3.21,4507.68,Plumber
2026-01-18,Copper Wire,2652.8,96.4,2513.8,1.23,2538.93,Electrician
2026-01-19,Steel Scrap,1446.2,458.0,292.9,1.77,1939.2,Electrician
2026-01-20,Copper Wire,4866.8,383.3,3677.8,0.99,4662.39,Electrician
2026-01-21,Copper Wire,1390.1,222.0,4254.7,0.53,1895.47,Demolition Co
2026-01-22,Copper Wire,4126.3,311.4,973.6,3.09,2542.23,Demolition Co
2026-01-23,Aluminum Cans,3798.1,441.6,687.2,2.91,1089.03,Demolition Co
2026-01-24,Steel Scrap,1135.8,432.9,3505.8,0.34,2297.15,Demolition Co
2026-01-25,Aluminum Cans,1470.7,147.3,1487.4,2.89,2688.75,Plumber
2026-01-26,Copper Wire,4322.4,328.1,1872.3,2.37,1953.41,Plumber
2026-01-27,Brass,310.3,258.3,1321.1,0.69,2463.9,Demolition Co
2026-01-28,Copper Wire,3375.4,190.9,395.7,2.75,954.5,Electrician
2026-01-29,Cast Iron,530.9,345.7,3981.8,0.94,3041.14,Public Walk-in
2026-01-30,Brass,2520.7,2.3,4134.0,1.03,4014.55,Demolition Co
2026-01-31,Brass,1421.9,57.6,1856.8,0.88,1892.77,Public Walk-in
2026-02-01,Steel Scrap,3980.8,412.5,206.1,3.22,4488.91,Electrician
2026-02-02,Aluminum Cans,1585.4,143.4,2162.0,3.05,2560.98,Plumber
2026-02-03,Aluminum Cans,3916.3,440.3,3425.0,3.33,1242.58,Public Walk-in
2026-02-04,Aluminum Cans,1544.0,405.7,1123.1,0.11,3619.5,Public Walk-in
2026-02-05,Copper Wire,3263.8,155.1,1655.5,0.5,3825.94,Plumber
2026-02-06,Brass,714.0,158.9,4069.8,0.13,1113.27,Electrician
2026-02-07,Cast Iron,3907.6,232.2,3604.3,1.09,3212.37,Public Walk-in
2026-02-08,Copper Wire,2580.6,116.5,2220.7,2.93,2037.5,Plumber
2026-02-09,Cast Iron,2620.1,181.8,2444.1,2.43,2819.75,Public Walk-in
2026-02-10,Copper Wire,801.1,391.5,3634.5,0.38,35.67,Plumber
2026-02-11,Cast Iron,2655.4,66.4,1619.8,1.8,297.86,Demolition Co
2026-02-12,Cast Iron,2086.2,52.6,1606.4,3.34,1633.09,Electrician
2026-02-13,Copper Wire,2729.1,388.7,3425.1,0.78,917.11,Public Walk-in
2026-02-14,Steel Scrap,2104.9,387.7,2554.1,1.43,1085.92,Demolition Co
2026-02-15,Cast Iron,1871.1,335.5,1496.9,3.01,3854.57,Electrician
2026-02-16,Aluminum Cans,2325.7,197.7,4300.6,1.22,4156.85,Electrician
2026-02-17,Aluminum Cans,4204.5,6.4,868.9,1.55,2931.26,Public Walk-in
2026-02-18,Steel Scrap,806.5,173.2,1822.6,0.38,4364.6,Electrician
2026-02-19,Brass,252.6,290.1,1930.2,3.24,3889.79,Electrician
2026-02-20,Copper Wire,4565.8,477.9,3153.3,3.45,349.11,Plumber
2026-02-21,Steel Scrap,3984.4,293.9,779.5,0.66,4141.06,Demolition Co
2026-02-22,Copper Wire,2017.6,95.6,2070.7,0.79,2547.73,Public Walk-in
2026-02-23,Copper Wire,4958.0,223.4,2964.2,0.88,174.19,Demolition Co
2026-02-24,Copper Wire,447.2,427.9,403.4,0.27,474.94,Electrician
2026-02-25,Copper Wire,1507.3,97.4,1025.4,0.54,3616.77,Demolition Co
2026-02-26,Cast Iron,1840.3,318.6,813.2,1.43,1716.22,Public Walk-in
2026-02-27,Cast Iron,1373.6,184.1,2198.2,0.07,3712.3,Public Walk-in
2026-02-28,Copper Wire,2883.2,27.5,1902.2,0.18,4428.32,Public Walk-in
2026-03-01,Brass,1576.8,101.3,2446.8,2.43,3143.79,Electrician
2026-03-02,Steel Scrap,828.3,130.3,1007.5,3.02,2889.12,Plumber
2026-03-03,Steel Scrap,3777.5,306.8,88.8,0.11,1709.78,Electrician
2026-03-04,Steel Scrap,3015.9,111.0,1881.0,0.14,3311.75,Plumber
2026-03-05,Brass,3168.6,264.0,2223.6,1.87,3675.77,Public Walk-in
2026-03-06,Cast Iron,2916.2,75.6,3820.0,3.1,3340.54,Plumber
2026-03-07,Cast Iron,2284.0,118.3,4073.5,3.0,1843.55,Public Walk-in
2026-03-08,Aluminum Cans,2086.8,353.7,799.5,0.84,2579.09,Public Walk-in
2026-03-09,Copper Wire,1662.4,414.6,3830.5,0.87,3385.98,Demolition Co
2026-03-10,Steel Scrap,1858.7,474.9,2318.0,2.92,764.48,Public Walk-in
2026-03-11,Steel Scrap,1059.5,135.5,3400.7,0.91,4653.3,Plumber
2026-03-12,Brass,1407.0,339.7,3494.3,2.51,4836.64,Plumber
2026-03-13,Cast Iron,1635.2,337.6,156.9,0.08,3372.94,Plumber
2026-03-14,Aluminum Cans,1946.8,461.5,4108.7,2.78,2144.91,Electrician
2026-03-15,Copper Wire,1835.1,219.4,4243.4,2.53,3864.37,Demolition Co
2026-03-16,Cast Iron,248.6,0.7,640.9,2.19,4599.0,Demolition Co
2026-03-17,Steel Scrap,3578.5,238.9,2936.2,0.95,4657.89,Plumber
2026-03-18,Brass,1239.5,32.6,939.7,0.24,3166.03,Public Walk-in
2026-03-19,Steel Scrap,2274.4,408.8,1083.0,1.25,451.36,Plumber
2026-03-20,Cast Iron,323.2,113.4,117.2,1.71,4416.97,Demolition Co
2026-03-21,Steel Scrap,1768.9,213.8,801.7,3.35,2490.25,Plumber
2026-03-22,Aluminum Cans,4766.8,389.6,3622.0,0.22,3184.37,Electrician
2026-03-23,Copper Wire,977.0,249.2,3595.5,1.31,754.65,Demolition Co
2026-03-24,Steel Scrap,2945.1,189.8,3998.1,1.48,1067.08,Electrician
2026-03-25,Brass,798.7,456.1,3483.3,0.83,1740.65,Demolition Co
2026-03-26,Brass,4085.0,93.7,3174.4,2.83,3012.35,Plumber
2026-03-27,Steel Scrap,1174.5,21.8,4127.5,1.98,4783.22,Demolition Co
2026-03-28,Copper Wire,4749.6,163.5,3097.8,3.44,4061.16,Plumber
2026-03-29,Cast Iron,2487.9,58.6,566.6,2.07,2324.46,Public Walk-in
2026-03-30,Copper Wire,4606.9,115.2,109.6,1.37,4878.47,Demolition Co
2026-03-31,Brass,279.9,223.1,3737.2,2.86,156.23,Public Walk-in
2026-04-01,Brass,4289.7,71.8,829.3,2.06,3491.4,Plumber
2026-04-02,Aluminum Cans,4225.8,314.5,2669.0,3.46,1442.61,Electrician
2026-04-03,Steel Scrap,3054.6,265.0,2321.4,1.99,2253.39,Public Walk-in
2026-04-04,Copper Wire,3784.7,252.0,4182.7,0.48,4797.28,Plumber
2026-04-05,Steel Scrap,3273.9,91.0,887.1,1.67,903.2,Plumber
2026-04-06,Brass,1567.9,488.4,485.1,1.15,3126.63,Public Walk-in
2026-04-07,Aluminum Cans,2845.5,281.6,4068.1,2.02,1016.0,Plumber
2026-04-08,Aluminum Cans,1896.6,129.4,3934.4,0.8,2975.99,Public Walk-in
2026-04-09,Brass,3082.8,40.6,3885.5,0.57,1010.74,Plumber
2026-04-10,Aluminum Cans,182.1,127.1,1500.1,2.39,2806.72,Plumber
2026-04-11,Steel Scrap,2414.0,39.4,2142.2,1.71,1318.14,Plumber
2026-04-12,Copper Wire,478.4,182.0,4455.8,1.24,3992.91,Demolition Co
2026-04-13,Cast Iron,4497.0,260.5,3075.0,1.06,662.88,Plumber
2026-04-14,Aluminum Cans,2604.3,288.4,3859.4,2.41,2478.75,Plumber
